vOTU_ID,Kingdom,Phylum,Class,Order,Family,Specie,Genus,Subgenus
vOTU_2,Viruses,Duplodnaviria,Heunggongvirae,Uroviricota,Caudoviricetes,Caudovirales,Myoviridae,Unclassified
vOTU_13,Viruses,Duplodnaviria,Heunggongvirae,Uroviricota,Caudoviricetes,Caudovirales,Unclassified,Unclassified
vOTU_25,Viruses,Duplodnaviria,Heunggongvirae,Uroviricota,Caudoviricetes,Caudovirales,Unclassified,Unclassified
vOTU_28,Viruses,Duplodnaviria,Heunggongvirae,Uroviricota,Caudoviricetes,Caudovirales,Unclassified,Unclassified
vOTU_29,Viruses,Duplodnaviria,Heunggongvirae,Uroviricota,Caudoviricetes,Caudovirales,Unclassified,Unclassified
vOTU_32,Viruses,Duplodnaviria,Heunggongvirae,Uroviricota,Caudoviricetes,Caudovirales,Unclassified,Unclassified
vOTU_46,Viruses,Duplodnaviria,Heunggongvirae,Uroviricota,Caudoviricetes,Caudovirales,Unclassified,Unclassified
vOTU_52,Viruses,Duplodnaviria,Heunggongvirae,Uroviricota,Caudoviricetes,Caudovirales,Unclassified,Unclassified
vOTU_57,Viruses,Duplodnaviria,Heunggongvirae,Uroviricota,Caudoviricetes,Caudovirales,Unclassified,Unclassified
vOTU_60,Viruses,Duplodnaviria,Heunggongvirae,Uroviricota,Caudoviricetes,Caudovirales,Unclassified,Unclassified
vOTU_64,Viruses,Duplodnaviria,Heunggongvirae,Uroviricota,Caudoviricetes,Caudovirales,Unclassified,Unclassified
vOTU_65,Viruses,Duplodnaviria,Heunggongvirae,Uroviricota,Caudoviricetes,Caudovirales,Unclassified,Unclassified
vOTU_68,Viruses,Unclassified,Unclassified,Unclassified,Unclassified,Unclassified,Unclassified,Unclassified
vOTU_72,Viruses,Duplodnaviria,Heunggongvirae,Uroviricota,Caudoviricetes,Caudovirales,Unclassified,Unclassified
vOTU_73,Viruses,Duplodnaviria,Heunggongvirae,Uroviricota,Caudoviricetes,Caudovirales,Unclassified,Unclassified
vOTU_79,Viruses,Duplodnaviria,Heunggongvirae,Uroviricota,Caudoviricetes,Caudovirales,Unclassified,Unclassified
vOTU_84,Viruses,Duplodnaviria,Heunggongvirae,Uroviricota,Caudoviricetes,Caudovirales,Unclassified,Unclassified
vOTU_91,Viruses,Duplodnaviria,Heunggongvirae,Uroviricota,Caudoviricetes,Caudovirales,Unclassified,Unclassified
vOTU_96,Viruses,Duplodnaviria,Heunggongvirae,Uroviricota,Caudoviricetes,Caudovirales,Unclassified,Unclassified
vOTU_98,Viruses,Duplodnaviria,Heunggongvirae,Uroviricota,Caudoviricetes,Caudovirales,Unclassified,Unclassified
vOTU_110,Viruses,Duplodnaviria,Heunggongvirae,Uroviricota,Caudoviricetes,Caudovirales,Unclassified,Unclassified
vOTU_111,Viruses,Unclassified,Unclassified,Unclassified,Unclassified,Unclassified,Unclassified,Unclassified
vOTU_112,Viruses,Unclassified,Unclassified,Unclassified,Unclassified,Unclassified,Unclassified,Unclassified
vOTU_115,Viruses,Duplodnaviria,Heunggongvirae,Uroviricota,Caudoviricetes,Caudovirales,Siphoviridae,Unclassified
vOTU_116,Viruses,Duplodnaviria,Heunggongvirae,Uroviricota,Caudoviricetes,Caudovirales,Unclassified,Unclassified
vOTU_117,Viruses,Duplodnaviria,Heunggongvirae,Uroviricota,Caudoviricetes,Caudovirales,Podoviridae,Unclassified
vOTU_121,Viruses,Duplodnaviria,Heunggongvirae,Uroviricota,Caudoviricetes,Caudovirales,Unclassified,Unclassified
vOTU_124,Viruses,Unclassified,Unclassified,Unclassified,Unclassified,Unclassified,Unclassified,Unclassified
vOTU_129,Viruses,Duplodnaviria,Heunggongvirae,Uroviricota,Caudoviricetes,Caudovirales,Podoviridae,Unclassified
vOTU_130,Viruses,Duplodnaviria,Heunggongvirae,Uroviricota,Caudoviricetes,Caudovirales,Unclassified,Unclassified
vOTU_138,Viruses,Duplodnaviria,Heunggongvirae,Uroviricota,Caudoviricetes,Caudovirales,Unclassified,Unclassified
vOTU_141,Viruses,Duplodnaviria,Heunggongvirae,Uroviricota,Caudoviricetes,Caudovirales,Unclassified,Unclassified
vOTU_148,Viruses,Duplodnaviria,Heunggongvirae,Uroviricota,Caudoviricetes,Caudovirales,Unclassified,Unclassified
vOTU_181,Viruses,Unclassified,Unclassified,Unclassified,Unclassified,Unclassified,Unclassified,Unclassified
vOTU_196,Viruses,Unclassified,Unclassified,Unclassified,Unclassified,Unclassified,Unclassified,Unclassified
vOTU_198,Viruses,Duplodnaviria,Heunggongvirae,Uroviricota,Caudoviricetes,Caudovirales,Unclassified,Unclassified
vOTU_211,Viruses,Unclassified,Unclassified,Unclassified,Unclassified,Unclassified,Unclassified,Unclassified
vOTU_212,Viruses,Duplodnaviria,Heunggongvirae,Uroviricota,Caudoviricetes,Caudovirales,Unclassified,Unclassified
vOTU_225,Viruses,Duplodnaviria,Heunggongvirae,Uroviricota,Caudoviricetes,Caudovirales,Unclassified,Unclassified
vOTU_246,Viruses,Duplodnaviria,Heunggongvirae,Uroviricota,Caudoviricetes,Caudovirales,Unclassified,Unclassified
vOTU_271,Viruses,Unclassified,Unclassified,Unclassified,Unclassified,Unclassified,Unclassified,Unclassified
vOTU_273,Viruses,Unclassified,Unclassified,Unclassified,Unclassified,Unclassified,Unclassified,Unclassified
vOTU_280,Viruses,Duplodnaviria,Heunggongvirae,Uroviricota,Caudoviricetes,Caudovirales,Unclassified,Unclassified
vOTU_286,Viruses,Duplodnaviria,Heunggongvirae,Uroviricota,Caudoviricetes,Caudovirales,Unclassified,Unclassified
vOTU_292,Viruses,Duplodnaviria,Heunggongvirae,Uroviricota,Caudoviricetes,Caudovirales,Unclassified,Unclassified
vOTU_295,Viruses,Duplodnaviria,Heunggongvirae,Uroviricota,Caudoviricetes,Caudovirales,Podoviridae,Unclassified
vOTU_299,Viruses,Unclassified,Unclassified,Unclassified,Unclassified,Unclassified,Unclassified,Unclassified
vOTU_300,Viruses,Unclassified,Unclassified,Unclassified,Unclassified,Unclassified,Unclassified,Unclassified
vOTU_304,Viruses,Duplodnaviria,Heunggongvirae,Uroviricota,Caudoviricetes,Caudovirales,Unclassified,Unclassified
vOTU_312,Viruses,Duplodnaviria,Heunggongvirae,Uroviricota,Caudoviricetes,Caudovirales,Unclassified,Unclassified
vOTU_313,Viruses,Duplodnaviria,Heunggongvirae,Uroviricota,Caudoviricetes,Caudovirales,Unclassified,Unclassified
vOTU_315,Viruses,Duplodnaviria,Heunggongvirae,Uroviricota,Caudoviricetes,Caudovirales,Unclassified,Unclassified
vOTU_337,Viruses,Duplodnaviria,Heunggongvirae,Uroviricota,Caudoviricetes,Caudovirales,Unclassified,Unclassified
vOTU_343,Viruses,Duplodnaviria,Heunggongvirae,Uroviricota,Caudoviricetes,Caudovirales,Unclassified,Unclassified
vOTU_344,Viruses,Duplodnaviria,Heunggongvirae,Uroviricota,Caudoviricetes,Caudovirales,Podoviridae,Unclassified
vOTU_373,Viruses,Duplodnaviria,Heunggongvirae,Uroviricota,Caudoviricetes,Caudovirales,Unclassified,Unclassified
vOTU_374,Viruses,Unclassified,Unclassified,Unclassified,Unclassified,Unclassified,Unclassified,Unclassified
vOTU_380,Viruses,Unclassified,Unclassified,Unclassified,Unclassified,Unclassified,Unclassified,Unclassified
vOTU_384,Viruses,Duplodnaviria,Heunggongvirae,Uroviricota,Caudoviricetes,Caudovirales,Unclassified,Unclassified
vOTU_389,Viruses,Unclassified,Unclassified,Unclassified,Unclassified,Unclassified,Unclassified,Unclassified
vOTU_391,Viruses,Duplodnaviria,Heunggongvirae,Uroviricota,Caudoviricetes,Caudovirales,Podoviridae,Unclassified
vOTU_410,Viruses,Unclassified,Unclassified,Unclassified,Unclassified,Unclassified,Unclassified,Unclassified
vOTU_411,Viruses,Unclassified,Unclassified,Unclassified,Unclassified,Unclassified,Unclassified,Unclassified
vOTU_418,Viruses,Duplodnaviria,Heunggongvirae,Uroviricota,Caudoviricetes,Caudovirales,Unclassified,Unclassified
vOTU_442,Viruses,Duplodnaviria,Heunggongvirae,Uroviricota,Caudoviricetes,Caudovirales,Unclassified,Unclassified
vOTU_448,Viruses,Unclassified,Unclassified,Unclassified,Unclassified,Unclassified,Unclassified,Unclassified
vOTU_471,Viruses,Duplodnaviria,Heunggongvirae,Uroviricota,Caudoviricetes,Caudovirales,Unclassified,Unclassified
vOTU_472,Viruses,Duplodnaviria,Heunggongvirae,Uroviricota,Caudoviricetes,Caudovirales,Unclassified,Unclassified
vOTU_481,Viruses,Unclassified,Unclassified,Unclassified,Unclassified,Unclassified,Unclassified,Unclassified
vOTU_484,Viruses,Duplodnaviria,Heunggongvirae,Uroviricota,Caudoviricetes,Caudovirales,Unclassified,Unclassified
vOTU_486,Viruses,Duplodnaviria,Heunggongvirae,Uroviricota,Caudoviricetes,Caudovirales,Unclassified,Unclassified
vOTU_495,Viruses,Duplodnaviria,Heunggongvirae,Uroviricota,Caudoviricetes,Caudovirales,Unclassified,Unclassified
vOTU_497,Viruses,Duplodnaviria,Heunggongvirae,Uroviricota,Caudoviricetes,Caudovirales,Unclassified,Unclassified
vOTU_508,Viruses,Duplodnaviria,Heunggongvirae,Uroviricota,Caudoviricetes,Caudovirales,Unclassified,Unclassified
vOTU_517,Viruses,Duplodnaviria,Heunggongvirae,Uroviricota,Caudoviricetes,Caudovirales,Unclassified,Unclassified
vOTU_519,Viruses,Unclassified,Unclassified,Unclassified,Unclassified,Unclassified,Unclassified,Unclassified
vOTU_521,Viruses,Monodnaviria,Sangervirae,Phixviricota,Malgrandaviricetes,Petitvirales,Microviridae,Unclassified
vOTU_523,Viruses,Duplodnaviria,Heunggongvirae,Uroviricota,Caudoviricetes,Caudovirales,Unclassified,Unclassified
vOTU_531,Viruses,Duplodnaviria,Heunggongvirae,Uroviricota,Caudoviricetes,Caudovirales,Unclassified,Unclassified
vOTU_532,Viruses,Duplodnaviria,Heunggongvirae,Uroviricota,Caudoviricetes,Caudovirales,Unclassified,Unclassified
vOTU_539,Viruses,Unclassified,Unclassified,Unclassified,Unclassified,Unclassified,Unclassified,Unclassified
vOTU_542,Viruses,Monodnaviria,Sangervirae,Phixviricota,Malgrandaviricetes,Petitvirales,Microviridae,Unclassified
vOTU_551,Viruses,Duplodnaviria,Heunggongvirae,Uroviricota,Caudoviricetes,Caudovirales,Unclassified,Unclassified
vOTU_553,Viruses,Duplodnaviria,Heunggongvirae,Uroviricota,Caudoviricetes,Caudovirales,Podoviridae,Unclassified
vOTU_570,Viruses,Duplodnaviria,Heunggongvirae,Uroviricota,Caudoviricetes,Caudovirales,Unclassified,Unclassified
vOTU_575,Viruses,Duplodnaviria,Heunggongvirae,Uroviricota,Caudoviricetes,Caudovirales,Podoviridae,Unclassified
vOTU_579,Viruses,Unclassified,Unclassified,Unclassified,Unclassified,Unclassified,Unclassified,Unclassified
vOTU_585,Viruses,Unclassified,Unclassified,Unclassified,Unclassified,Unclassified,Unclassified,Unclassified
vOTU_587,Viruses,Duplodnaviria,Heunggongvirae,Uroviricota,Caudoviricetes,Caudovirales,Podoviridae,Unclassified
vOTU_591,Viruses,Duplodnaviria,Heunggongvirae,Uroviricota,Caudoviricetes,Caudovirales,Unclassified,Unclassified
vOTU_592,Viruses,Duplodnaviria,Heunggongvirae,Uroviricota,Caudoviricetes,Caudovirales,Unclassified,Unclassified
vOTU_609,Viruses,Unclassified,Unclassified,Unclassified,Unclassified,Unclassified,Unclassified,Unclassified
vOTU_610,Viruses,Riboviria,Orthornavirae,Pisuviricota,Pisoniviricetes,Picornavirales,Picornaviridae,Unclassified
vOTU_612,Viruses,Unclassified,Unclassified,Unclassified,Unclassified,Unclassified,Unclassified,Unclassified
vOTU_614,Viruses,Unclassified,Unclassified,Unclassified,Unclassified,Unclassified,Unclassified,Unclassified
vOTU_619,Viruses,Duplodnaviria,Heunggongvirae,Uroviricota,Caudoviricetes,Caudovirales,Unclassified,Unclassified
vOTU_621,Viruses,Duplodnaviria,Heunggongvirae,Uroviricota,Caudoviricetes,Caudovirales,Unclassified,Unclassified
vOTU_636,Viruses,Unclassified,Unclassified,Unclassified,Unclassified,Unclassified,Unclassified,Unclassified
vOTU_660,Viruses,Monodnaviria,Sangervirae,Phixviricota,Malgrandaviricetes,Petitvirales,Microviridae,Unclassified
vOTU_667,Viruses,Duplodnaviria,Heunggongvirae,Uroviricota,Caudoviricetes,Caudovirales,Unclassified,Unclassified
vOTU_697,Viruses,Duplodnaviria,Heunggongvirae,Uroviricota,Caudoviricetes,Caudovirales,Unclassified,Unclassified
vOTU_706,Viruses,Unclassified,Unclassified,Unclassified,Unclassified,Unclassified,Unclassified,Unclassified
vOTU_715,Viruses,Unclassified,Unclassified,Unclassified,Unclassified,Unclassified,Unclassified,Unclassified
vOTU_790,Viruses,Duplodnaviria,Heunggongvirae,Uroviricota,Caudoviricetes,Caudovirales,Podoviridae,Unclassified
vOTU_814,Viruses,Monodnaviria,Sangervirae,Phixviricota,Malgrandaviricetes,Petitvirales,Microviridae,Unclassified
vOTU_817,Viruses,Duplodnaviria,Heunggongvirae,Uroviricota,Caudoviricetes,Caudovirales,Unclassified,Unclassified
vOTU_841,Viruses,Unclassified,Unclassified,Unclassified,Unclassified,Unclassified,Unclassified,Unclassified
vOTU_850,Viruses,Unclassified,Unclassified,Unclassified,Unclassified,Unclassified,Unclassified,Unclassified
vOTU_854,Viruses,Unclassified,Unclassified,Unclassified,Unclassified,Unclassified,Unclassified,Unclassified
vOTU_860,Viruses,Unclassified,Unclassified,Unclassified,Unclassified,Unclassified,Unclassified,Unclassified
vOTU_863,Viruses,Duplodnaviria,Heunggongvirae,Uroviricota,Caudoviricetes,Caudovirales,Unclassified,Unclassified
vOTU_865,Viruses,Monodnaviria,Sangervirae,Phixviricota,Malgrandaviricetes,Petitvirales,Microviridae,Unclassified
vOTU_892,Viruses,Duplodnaviria,Heunggongvirae,Uroviricota,Caudoviricetes,Caudovirales,Unclassified,Unclassified
vOTU_925,Viruses,Duplodnaviria,Heunggongvirae,Uroviricota,Caudoviricetes,Caudovirales,Unclassified,Unclassified
vOTU_964,Viruses,Duplodnaviria,Heunggongvirae,Uroviricota,Caudoviricetes,Caudovirales,Unclassified,Unclassified
vOTU_972,Viruses,Unclassified,Unclassified,Unclassified,Unclassified,Unclassified,Unclassified,Unclassified
vOTU_982,Viruses,Duplodnaviria,Heunggongvirae,Uroviricota,Caudoviricetes,Caudovirales,Unclassified,Unclassified
vOTU_990,Viruses,Duplodnaviria,Heunggongvirae,Uroviricota,Caudoviricetes,Caudovirales,Myoviridae,Unclassified
vOTU_1012,Viruses,Duplodnaviria,Heunggongvirae,Uroviricota,Caudoviricetes,Caudovirales,Podoviridae,Unclassified
vOTU_1014,Viruses,Duplodnaviria,Heunggongvirae,Uroviricota,Caudoviricetes,Caudovirales,Unclassified,Unclassified
vOTU_1016,Viruses,Monodnaviria,Sangervirae,Phixviricota,Malgrandaviricetes,Petitvirales,Microviridae,Unclassified
vOTU_1022,Viruses,Unclassified,Unclassified,Unclassified,Unclassified,Unclassified,Unclassified,Unclassified
vOTU_1092,Viruses,Duplodnaviria,Heunggongvirae,Uroviricota,Caudoviricetes,Caudovirales,Unclassified,Unclassified
vOTU_1104,Viruses,Unclassified,Unclassified,Unclassified,Unclassified,Unclassified,Unclassified,Unclassified
vOTU_1110,Viruses,Duplodnaviria,Heunggongvirae,Uroviricota,Caudoviricetes,Caudovirales,Myoviridae,Unclassified
vOTU_1111,Viruses,Unclassified,Unclassified,Unclassified,Unclassified,Unclassified,Unclassified,Unclassified
vOTU_1122,Viruses,Duplodnaviria,Heunggongvirae,Uroviricota,Caudoviricetes,Caudovirales,Unclassified,Unclassified
vOTU_1205,Viruses,Unclassified,Unclassified,Unclassified,Unclassified,Unclassified,Unclassified,Unclassified
vOTU_1211,Viruses,Duplodnaviria,Heunggongvirae,Uroviricota,Caudoviricetes,Caudovirales,Podoviridae,Unclassified
vOTU_1212,Viruses,Unclassified,Unclassified,Unclassified,Unclassified,Unclassified,Unclassified,Unclassified
vOTU_1224,Viruses,Monodnaviria,Sangervirae,Phixviricota,Malgrandaviricetes,Petitvirales,Microviridae,Unclassified
vOTU_1225,Viruses,Duplodnaviria,Heunggongvirae,Uroviricota,Caudoviricetes,Caudovirales,Unclassified,Unclassified
vOTU_1227,Viruses,Unclassified,Unclassified,Unclassified,Unclassified,Unclassified,Unclassified,Unclassified
vOTU_1240,Viruses,Duplodnaviria,Heunggongvirae,Uroviricota,Caudoviricetes,Caudovirales,Siphoviridae,Unclassified
vOTU_1248,Viruses,Duplodnaviria,Heunggongvirae,Uroviricota,Caudoviricetes,Caudovirales,Unclassified,Unclassified
vOTU_1263,Viruses,Duplodnaviria,Heunggongvirae,Uroviricota,Caudoviricetes,Caudovirales,Unclassified,Unclassified
vOTU_1269,Viruses,Duplodnaviria,Heunggongvirae,Uroviricota,Caudoviricetes,Caudovirales,Unclassified,Unclassified
vOTU_1270,Viruses,Duplodnaviria,Heunggongvirae,Uroviricota,Caudoviricetes,Caudovirales,Unclassified,Unclassified
vOTU_1273,Viruses,Unclassified,Unclassified,Unclassified,Unclassified,Unclassified,Unclassified,Unclassified
vOTU_1275,Viruses,Unclassified,Unclassified,Unclassified,Unclassified,Unclassified,Unclassified,Unclassified
vOTU_1283,Viruses,Duplodnaviria,Heunggongvirae,Uroviricota,Caudoviricetes,Caudovirales,Unclassified,Unclassified
vOTU_1288,Viruses,Duplodnaviria,Heunggongvirae,Uroviricota,Caudoviricetes,Caudovirales,Unclassified,Unclassified
vOTU_1391,Viruses,Duplodnaviria,Heunggongvirae,Uroviricota,Caudoviricetes,Caudovirales,Unclassified,Unclassified
vOTU_1406,Viruses,Unclassified,Unclassified,Unclassified,Unclassified,Unclassified,Unclassified,Unclassified
vOTU_1407,Viruses,Unclassified,Unclassified,Unclassified,Unclassified,Unclassified,Unclassified,Unclassified
vOTU_1455,Viruses,Duplodnaviria,Heunggongvirae,Uroviricota,Caudoviricetes,Caudovirales,Unclassified,Unclassified
vOTU_1494,Viruses,Duplodnaviria,Heunggongvirae,Uroviricota,Caudoviricetes,Caudovirales,Podoviridae,Unclassified
vOTU_1521,Viruses,Duplodnaviria,Heunggongvirae,Uroviricota,Caudoviricetes,Caudovirales,Unclassified,Unclassified
vOTU_1534,Viruses,Duplodnaviria,Heunggongvirae,Unclassified,Unclassified,Unclassified,Unclassified,Unclassified
vOTU_1537,Viruses,Unclassified,Unclassified,Unclassified,Unclassified,Unclassified,Unclassified,Unclassified
vOTU_1546,Viruses,Unclassified,Unclassified,Unclassified,Unclassified,Unclassified,Unclassified,Unclassified
vOTU_1562,Viruses,Duplodnaviria,Heunggongvirae,Uroviricota,Caudoviricetes,Caudovirales,Podoviridae,Unclassified
vOTU_1627,Viruses,Duplodnaviria,Heunggongvirae,Uroviricota,Caudoviricetes,Caudovirales,Unclassified,Unclassified
vOTU_1640,Viruses,Duplodnaviria,Heunggongvirae,Uroviricota,Caudoviricetes,Caudovirales,Unclassified,Unclassified
vOTU_1643,Viruses,Duplodnaviria,Heunggongvirae,Uroviricota,Caudoviricetes,Caudovirales,Siphoviridae,Unclassified
vOTU_1656,Viruses,Unclassified,Unclassified,Unclassified,Unclassified,Unclassified,Unclassified,Unclassified
vOTU_1664,Viruses,Duplodnaviria,Heunggongvirae,Uroviricota,Caudoviricetes,Caudovirales,Myoviridae,Jimmervirus
vOTU_1689,Viruses,Duplodnaviria,Heunggongvirae,Uroviricota,Caudoviricetes,Caudovirales,Unclassified,Unclassified
vOTU_1694,Viruses,Duplodnaviria,Heunggongvirae,Uroviricota,Caudoviricetes,Caudovirales,Unclassified,Unclassified
vOTU_1696,Viruses,Monodnaviria,Sangervirae,Phixviricota,Malgrandaviricetes,Petitvirales,Microviridae,Unclassified
vOTU_1699,Viruses,Duplodnaviria,Heunggongvirae,Uroviricota,Caudoviricetes,Caudovirales,Unclassified,Unclassified
vOTU_1714,Viruses,Duplodnaviria,Heunggongvirae,Uroviricota,Caudoviricetes,Caudovirales,Podoviridae,Unclassified
vOTU_1717,Viruses,Unclassified,Unclassified,Unclassified,Unclassified,Unclassified,Unclassified,Unclassified
vOTU_1720,Viruses,Unclassified,Unclassified,Unclassified,Unclassified,Unclassified,Unclassified,Unclassified
vOTU_1732,Viruses,Unclassified,Unclassified,Unclassified,Unclassified,Unclassified,Unclassified,Unclassified
vOTU_1750,Viruses,Duplodnaviria,Heunggongvirae,Uroviricota,Caudoviricetes,Caudovirales,Unclassified,Unclassified
vOTU_1781,Viruses,Duplodnaviria,Heunggongvirae,Uroviricota,Caudoviricetes,Caudovirales,Unclassified,Unclassified
vOTU_1806,Viruses,Unclassified,Unclassified,Unclassified,Unclassified,Unclassified,Unclassified,Unclassified
vOTU_1810,Viruses,Unclassified,Unclassified,Unclassified,Unclassified,Unclassified,Unclassified,Unclassified
vOTU_1837,Viruses,Duplodnaviria,Heunggongvirae,Uroviricota,Caudoviricetes,Caudovirales,Unclassified,Unclassified
vOTU_1860,Viruses,Monodnaviria,Sangervirae,Phixviricota,Malgrandaviricetes,Petitvirales,Microviridae,Unclassified
vOTU_1863,Viruses,Unclassified,Unclassified,Unclassified,Unclassified,Unclassified,Unclassified,Unclassified
vOTU_1867,Viruses,Duplodnaviria,Heunggongvirae,Uroviricota,Caudoviricetes,Caudovirales,Unclassified,Unclassified
vOTU_1868,Viruses,Duplodnaviria,Heunggongvirae,Uroviricota,Caudoviricetes,Caudovirales,Unclassified,Unclassified
vOTU_1876,Viruses,Duplodnaviria,Heunggongvirae,Uroviricota,Caudoviricetes,Caudovirales,Unclassified,Unclassified
vOTU_1877,Viruses,Duplodnaviria,Heunggongvirae,Uroviricota,Caudoviricetes,Caudovirales,Unclassified,Unclassified
vOTU_1883,Viruses,Duplodnaviria,Heunggongvirae,Uroviricota,Caudoviricetes,Caudovirales,Podoviridae,Unclassified
vOTU_1932,Viruses,Duplodnaviria,Heunggongvirae,Uroviricota,Caudoviricetes,Caudovirales,Podoviridae,Unclassified
vOTU_1941,Viruses,Monodnaviria,Sangervirae,Phixviricota,Malgrandaviricetes,Petitvirales,Microviridae,Unclassified
vOTU_1943,Viruses,Unclassified,Unclassified,Unclassified,Unclassified,Unclassified,Unclassified,Unclassified
vOTU_1945,Viruses,Duplodnaviria,Heunggongvirae,Uroviricota,Caudoviricetes,Caudovirales,Unclassified,Unclassified
vOTU_1955,Viruses,Duplodnaviria,Heunggongvirae,Uroviricota,Caudoviricetes,Caudovirales,Unclassified,Unclassified
vOTU_1983,Viruses,Duplodnaviria,Heunggongvirae,Uroviricota,Caudoviricetes,Caudovirales,Siphoviridae,Unclassified
vOTU_2108,Viruses,Duplodnaviria,Heunggongvirae,Uroviricota,Caudoviricetes,Caudovirales,Myoviridae,Unclassified
vOTU_2149,Viruses,Duplodnaviria,Heunggongvirae,Uroviricota,Caudoviricetes,Caudovirales,Unclassified,Unclassified
vOTU_2161,Viruses,Duplodnaviria,Heunggongvirae,Uroviricota,Caudoviricetes,Caudovirales,Unclassified,Unclassified
vOTU_2182,Viruses,Monodnaviria,Sangervirae,Phixviricota,Malgrandaviricetes,Petitvirales,Microviridae,Unclassified
vOTU_2186,Viruses,Monodnaviria,Sangervirae,Phixviricota,Malgrandaviricetes,Petitvirales,Microviridae,Unclassified
vOTU_2201,Viruses,Unclassified,Unclassified,Unclassified,Unclassified,Unclassified,Unclassified,Unclassified
vOTU_2202,Viruses,Unclassified,Unclassified,Unclassified,Unclassified,Unclassified,Unclassified,Unclassified
vOTU_2225,Viruses,Unclassified,Unclassified,Unclassified,Unclassified,Unclassified,Unclassified,Unclassified
vOTU_2260,Viruses,Duplodnaviria,Heunggongvirae,Uroviricota,Caudoviricetes,Caudovirales,Unclassified,Unclassified
vOTU_2270,Viruses,Monodnaviria,Sangervirae,Phixviricota,Malgrandaviricetes,Petitvirales,Microviridae,Unclassified
vOTU_2274,Viruses,Monodnaviria,Sangervirae,Phixviricota,Malgrandaviricetes,Petitvirales,Microviridae,Unclassified
vOTU_2362,Viruses,Unclassified,Unclassified,Unclassified,Unclassified,Unclassified,Unclassified,Unclassified
vOTU_2451,Viruses,Monodnaviria,Sangervirae,Phixviricota,Malgrandaviricetes,Petitvirales,Microviridae,Unclassified
vOTU_2466,Viruses,Duplodnaviria,Heunggongvirae,Uroviricota,Caudoviricetes,Caudovirales,Unclassified,Unclassified
vOTU_2496,Viruses,Monodnaviria,Sangervirae,Phixviricota,Malgrandaviricetes,Petitvirales,Microviridae,Unclassified
vOTU_2512,Viruses,Unclassified,Unclassified,Unclassified,Unclassified,Unclassified,Unclassified,Unclassified
vOTU_2550,Viruses,Duplodnaviria,Heunggongvirae,Peploviricota,Herviviricetes,Herpesvirales,Unclassified,Unclassified
vOTU_2567,Viruses,Unclassified,Unclassified,Unclassified,Unclassified,Unclassified,Unclassified,Unclassified
vOTU_2595,Viruses,Monodnaviria,Sangervirae,Phixviricota,Malgrandaviricetes,Petitvirales,Microviridae,Unclassified
vOTU_2618,Viruses,Duplodnaviria,Heunggongvirae,Uroviricota,Caudoviricetes,Caudovirales,Podoviridae,Unclassified
vOTU_2619,Viruses,Monodnaviria,Sangervirae,Phixviricota,Malgrandaviricetes,Petitvirales,Microviridae,Unclassified
vOTU_2681,Viruses,Duplodnaviria,Heunggongvirae,Uroviricota,Caudoviricetes,Caudovirales,Unclassified,Unclassified
vOTU_2711,Viruses,Monodnaviria,Sangervirae,Phixviricota,Malgrandaviricetes,Petitvirales,Microviridae,Unclassified
vOTU_2714,Viruses,Unclassified,Unclassified,Unclassified,Unclassified,Unclassified,Unclassified,Unclassified
vOTU_2722,Viruses,Duplodnaviria,Heunggongvirae,Uroviricota,Caudoviricetes,Caudovirales,Unclassified,Unclassified
vOTU_2736,Viruses,Monodnaviria,Sangervirae,Phixviricota,Malgrandaviricetes,Petitvirales,Microviridae,Unclassified
vOTU_2780,Viruses,Unclassified,Unclassified,Unclassified,Unclassified,Unclassified,Unclassified,Unclassified
vOTU_2785,Viruses,Duplodnaviria,Heunggongvirae,Uroviricota,Caudoviricetes,Caudovirales,Unclassified,Unclassified
vOTU_2806,Viruses,Unclassified,Unclassified,Unclassified,Unclassified,Unclassified,Unclassified,Unclassified
vOTU_2820,Viruses,Duplodnaviria,Heunggongvirae,Uroviricota,Caudoviricetes,Caudovirales,Unclassified,Unclassified
vOTU_2865,Viruses,Monodnaviria,Sangervirae,Phixviricota,Malgrandaviricetes,Petitvirales,Microviridae,Unclassified
vOTU_2866,Viruses,Unclassified,Unclassified,Unclassified,Unclassified,Unclassified,Unclassified,Unclassified
vOTU_2869,Viruses,Duplodnaviria,Heunggongvirae,Uroviricota,Caudoviricetes,Caudovirales,Unclassified,Unclassified
vOTU_2886,Viruses,Duplodnaviria,Heunggongvirae,Uroviricota,Caudoviricetes,Caudovirales,Unclassified,Unclassified
vOTU_2918,Viruses,Monodnaviria,Sangervirae,Phixviricota,Malgrandaviricetes,Petitvirales,Microviridae,Unclassified
vOTU_2937,Viruses,Monodnaviria,Sangervirae,Phixviricota,Malgrandaviricetes,Petitvirales,Microviridae,Unclassified
vOTU_2941,Viruses,Monodnaviria,Sangervirae,Phixviricota,Malgrandaviricetes,Petitvirales,Microviridae,Unclassified
vOTU_2945,Viruses,Monodnaviria,Sangervirae,Phixviricota,Malgrandaviricetes,Petitvirales,Microviridae,Unclassified
vOTU_2979,Viruses,Monodnaviria,Sangervirae,Phixviricota,Malgrandaviricetes,Petitvirales,Microviridae,Unclassified
vOTU_2980,Viruses,Monodnaviria,Sangervirae,Phixviricota,Malgrandaviricetes,Petitvirales,Microviridae,Unclassified
vOTU_2983,Viruses,Duplodnaviria,Heunggongvirae,Uroviricota,Caudoviricetes,Caudovirales,Podoviridae,Unclassified
vOTU_2986,Viruses,Monodnaviria,Sangervirae,Phixviricota,Malgrandaviricetes,Petitvirales,Microviridae,Unclassified
vOTU_2987,Viruses,Monodnaviria,Sangervirae,Phixviricota,Malgrandaviricetes,Petitvirales,Microviridae,Unclassified
vOTU_2998,Viruses,Monodnaviria,Sangervirae,Phixviricota,Malgrandaviricetes,Petitvirales,Microviridae,Unclassified
vOTU_3003,Viruses,Unclassified,Unclassified,Unclassified,Unclassified,Unclassified,Unclassified,Unclassified
vOTU_3016,Viruses,Monodnaviria,Sangervirae,Phixviricota,Malgrandaviricetes,Petitvirales,Microviridae,Unclassified
vOTU_3026,Viruses,Monodnaviria,Sangervirae,Phixviricota,Malgrandaviricetes,Petitvirales,Microviridae,Unclassified
vOTU_3039,Viruses,Monodnaviria,Sangervirae,Phixviricota,Malgrandaviricetes,Petitvirales,Microviridae,Unclassified
vOTU_3040,Viruses,Monodnaviria,Sangervirae,Phixviricota,Malgrandaviricetes,Petitvirales,Microviridae,Unclassified
vOTU_3042,Viruses,Monodnaviria,Sangervirae,Phixviricota,Malgrandaviricetes,Petitvirales,Microviridae,Unclassified
vOTU_3056,Viruses,Monodnaviria,Sangervirae,Phixviricota,Malgrandaviricetes,Petitvirales,Microviridae,Unclassified
vOTU_3057,Viruses,Monodnaviria,Sangervirae,Phixviricota,Malgrandaviricetes,Petitvirales,Microviridae,Unclassified
vOTU_3063,Viruses,Duplodnaviria,Heunggongvirae,Uroviricota,Caudoviricetes,Caudovirales,Unclassified,Unclassified
vOTU_3064,Viruses,Duplodnaviria,Heunggongvirae,Uroviricota,Caudoviricetes,Caudovirales,Unclassified,Unclassified
vOTU_3067,Viruses,Monodnaviria,Sangervirae,Phixviricota,Malgrandaviricetes,Petitvirales,Microviridae,Unclassified
vOTU_3086,Viruses,Monodnaviria,Sangervirae,Phixviricota,Malgrandaviricetes,Petitvirales,Microviridae,Unclassified
vOTU_3105,Viruses,Monodnaviria,Sangervirae,Phixviricota,Malgrandaviricetes,Petitvirales,Microviridae,Unclassified
vOTU_3156,Viruses,Duplodnaviria,Heunggongvirae,Uroviricota,Caudoviricetes,Caudovirales,Unclassified,Unclassified
vOTU_3161,Viruses,Duplodnaviria,Heunggongvirae,Uroviricota,Caudoviricetes,Caudovirales,Unclassified,Unclassified
vOTU_3166,Viruses,Duplodnaviria,Heunggongvirae,Uroviricota,Caudoviricetes,Caudovirales,Unclassified,Unclassified
vOTU_3195,Viruses,Unclassified,Unclassified,Unclassified,Unclassified,Unclassified,Unclassified,Unclassified
vOTU_3201,Viruses,Unclassified,Unclassified,Unclassified,Unclassified,Unclassified,Unclassified,Unclassified
vOTU_3249,Viruses,Unclassified,Unclassified,Unclassified,Unclassified,Unclassified,Unclassified,Unclassified
vOTU_3263,Viruses,Monodnaviria,Sangervirae,Phixviricota,Malgrandaviricetes,Petitvirales,Microviridae,Unclassified
vOTU_3283,Viruses,Unclassified,Unclassified,Unclassified,Unclassified,Unclassified,Unclassified,Unclassified
vOTU_3294,Viruses,Unclassified,Unclassified,Unclassified,Unclassified,Unclassified,Unclassified,Unclassified
vOTU_3302,Viruses,Unclassified,Unclassified,Unclassified,Unclassified,Unclassified,Unclassified,Unclassified
vOTU_3310,Viruses,Duplodnaviria,Heunggongvirae,Uroviricota,Caudoviricetes,Caudovirales,Unclassified,Unclassified
vOTU_3320,Viruses,Monodnaviria,Sangervirae,Phixviricota,Malgrandaviricetes,Petitvirales,Microviridae,Unclassified
vOTU_3334,Viruses,Duplodnaviria,Heunggongvirae,Uroviricota,Caudoviricetes,Caudovirales,Podoviridae,Unclassified
vOTU_3336,Viruses,Unclassified,Unclassified,Unclassified,Unclassified,Unclassified,Unclassified,Unclassified
vOTU_3340,Viruses,Monodnaviria,Sangervirae,Phixviricota,Malgrandaviricetes,Petitvirales,Microviridae,Unclassified
vOTU_3341,Viruses,Monodnaviria,Sangervirae,Phixviricota,Malgrandaviricetes,Petitvirales,Microviridae,Unclassified
vOTU_3348,Viruses,Monodnaviria,Sangervirae,Phixviricota,Malgrandaviricetes,Petitvirales,Microviridae,Unclassified
vOTU_3378,Viruses,Unclassified,Unclassified,Unclassified,Unclassified,Unclassified,Unclassified,Unclassified
vOTU_3405,Viruses,Duplodnaviria,Heunggongvirae,Uroviricota,Caudoviricetes,Caudovirales,Podoviridae,Unclassified
vOTU_3414,Viruses,Monodnaviria,Sangervirae,Phixviricota,Malgrandaviricetes,Petitvirales,Microviridae,Unclassified
vOTU_3424,Viruses,Monodnaviria,Sangervirae,Phixviricota,Malgrandaviricetes,Petitvirales,Microviridae,Unclassified
vOTU_3437,Viruses,Duplodnaviria,Heunggongvirae,Uroviricota,Caudoviricetes,Caudovirales,Siphoviridae,Unclassified
vOTU_3463,Viruses,Unclassified,Unclassified,Unclassified,Unclassified,Unclassified,Unclassified,Unclassified
vOTU_3472,Viruses,Monodnaviria,Sangervirae,Phixviricota,Malgrandaviricetes,Petitvirales,Microviridae,Unclassified
vOTU_3492,Viruses,Monodnaviria,Sangervirae,Phixviricota,Malgrandaviricetes,Petitvirales,Microviridae,Unclassified
vOTU_3495,Viruses,Duplodnaviria,Heunggongvirae,Uroviricota,Caudoviricetes,Caudovirales,Unclassified,Unclassified
vOTU_3503,Viruses,Monodnaviria,Sangervirae,Phixviricota,Malgrandaviricetes,Petitvirales,Microviridae,Unclassified
vOTU_3515,Viruses,Monodnaviria,Sangervirae,Phixviricota,Malgrandaviricetes,Petitvirales,Microviridae,Unclassified
vOTU_3520,Viruses,Duplodnaviria,Heunggongvirae,Uroviricota,Caudoviricetes,Caudovirales,Siphoviridae,Unclassified
vOTU_3546,Viruses,Monodnaviria,Sangervirae,Phixviricota,Malgrandaviricetes,Petitvirales,Microviridae,Unclassified
vOTU_3547,Viruses,Monodnaviria,Sangervirae,Phixviricota,Malgrandaviricetes,Petitvirales,Microviridae,Unclassified
vOTU_3558,Viruses,Duplodnaviria,Heunggongvirae,Uroviricota,Caudoviricetes,Caudovirales,Unclassified,Unclassified
vOTU_3565,Viruses,Monodnaviria,Sangervirae,Phixviricota,Malgrandaviricetes,Petitvirales,Microviridae,Unclassified
vOTU_3581,Viruses,Monodnaviria,Sangervirae,Phixviricota,Malgrandaviricetes,Petitvirales,Microviridae,Unclassified
vOTU_3598,Viruses,Monodnaviria,Sangervirae,Phixviricota,Malgrandaviricetes,Petitvirales,Microviridae,Unclassified
vOTU_3600,Viruses,Monodnaviria,Sangervirae,Phixviricota,Malgrandaviricetes,Petitvirales,Microviridae,Unclassified
vOTU_3619,Viruses,Duplodnaviria,Heunggongvirae,Uroviricota,Caudoviricetes,Caudovirales,Unclassified,Unclassified
vOTU_3623,Viruses,Monodnaviria,Sangervirae,Phixviricota,Malgrandaviricetes,Petitvirales,Microviridae,Unclassified
vOTU_3645,Viruses,Duplodnaviria,Heunggongvirae,Uroviricota,Caudoviricetes,Caudovirales,Unclassified,Unclassified
vOTU_3671,Viruses,Monodnaviria,Sangervirae,Phixviricota,Malgrandaviricetes,Petitvirales,Microviridae,Unclassified
vOTU_3675,Viruses,Monodnaviria,Sangervirae,Phixviricota,Malgrandaviricetes,Petitvirales,Microviridae,Unclassified
vOTU_3682,Viruses,Duplodnaviria,Heunggongvirae,Uroviricota,Caudoviricetes,Caudovirales,Unclassified,Unclassified
vOTU_3710,Viruses,Monodnaviria,Sangervirae,Phixviricota,Malgrandaviricetes,Petitvirales,Microviridae,Unclassified
vOTU_3714,Viruses,Duplodnaviria,Heunggongvirae,Uroviricota,Caudoviricetes,Caudovirales,Unclassified,Unclassified
vOTU_3726,Viruses,Duplodnaviria,Heunggongvirae,Uroviricota,Caudoviricetes,Caudovirales,Unclassified,Unclassified
vOTU_3727,Viruses,Duplodnaviria,Heunggongvirae,Uroviricota,Caudoviricetes,Caudovirales,Podoviridae,Unclassified
vOTU_3755,Viruses,Monodnaviria,Sangervirae,Phixviricota,Malgrandaviricetes,Petitvirales,Microviridae,Unclassified
vOTU_3756,Viruses,Duplodnaviria,Heunggongvirae,Uroviricota,Caudoviricetes,Caudovirales,Podoviridae,Unclassified
vOTU_3766,Viruses,Duplodnaviria,Heunggongvirae,Uroviricota,Caudoviricetes,Caudovirales,Siphoviridae,Unclassified
vOTU_3780,Viruses,Monodnaviria,Sangervirae,Phixviricota,Malgrandaviricetes,Petitvirales,Microviridae,Unclassified
vOTU_3786,Viruses,Duplodnaviria,Heunggongvirae,Uroviricota,Caudoviricetes,Caudovirales,Unclassified,Unclassified
vOTU_3798,Viruses,Monodnaviria,Shotokuvirae,Unclassified,Unclassified,Unclassified,Unclassified,Unclassified
vOTU_3809,Viruses,Unclassified,Unclassified,Unclassified,Unclassified,Unclassified,Unclassified,Unclassified
vOTU_3810,Viruses,Monodnaviria,Sangervirae,Phixviricota,Malgrandaviricetes,Petitvirales,Microviridae,Unclassified
vOTU_3815,Viruses,Monodnaviria,Sangervirae,Phixviricota,Malgrandaviricetes,Petitvirales,Microviridae,Unclassified
vOTU_3835,Viruses,Duplodnaviria,Heunggongvirae,Uroviricota,Caudoviricetes,Caudovirales,Unclassified,Unclassified
vOTU_3848,Viruses,Duplodnaviria,Heunggongvirae,Uroviricota,Caudoviricetes,Caudovirales,Podoviridae,Unclassified
vOTU_3865,Viruses,Duplodnaviria,Heunggongvirae,Uroviricota,Caudoviricetes,Caudovirales,Unclassified,Unclassified
vOTU_3875,Viruses,Unclassified,Unclassified,Unclassified,Unclassified,Unclassified,Unclassified,Unclassified
vOTU_3920,Viruses,Duplodnaviria,Heunggongvirae,Uroviricota,Caudoviricetes,Caudovirales,Unclassified,Unclassified
vOTU_3956,Viruses,Unclassified,Unclassified,Unclassified,Unclassified,Unclassified,Unclassified,Unclassified
vOTU_3977,Viruses,Duplodnaviria,Heunggongvirae,Uroviricota,Caudoviricetes,Caudovirales,Unclassified,Unclassified
vOTU_3980,Viruses,Unclassified,Unclassified,Unclassified,Unclassified,Unclassified,Unclassified,Unclassified
vOTU_3983,Viruses,Duplodnaviria,Heunggongvirae,Uroviricota,Caudoviricetes,Caudovirales,Unclassified,Unclassified
vOTU_4021,Viruses,Duplodnaviria,Heunggongvirae,Uroviricota,Caudoviricetes,Caudovirales,Unclassified,Unclassified
vOTU_4029,Viruses,Monodnaviria,Sangervirae,Phixviricota,Malgrandaviricetes,Petitvirales,Microviridae,Unclassified
vOTU_4049,Viruses,Unclassified,Unclassified,Unclassified,Unclassified,Unclassified,Unclassified,Unclassified
vOTU_4060,Viruses,Monodnaviria,Sangervirae,Phixviricota,Malgrandaviricetes,Petitvirales,Microviridae,Unclassified
vOTU_4064,Viruses,Monodnaviria,Shotokuvirae,Unclassified,Unclassified,Unclassified,Unclassified,Unclassified
vOTU_4121,Viruses,Duplodnaviria,Heunggongvirae,Uroviricota,Caudoviricetes,Caudovirales,Unclassified,Unclassified
vOTU_4136,Viruses,Monodnaviria,Sangervirae,Phixviricota,Malgrandaviricetes,Petitvirales,Microviridae,Unclassified
vOTU_4175,Viruses,Unclassified,Unclassified,Unclassified,Unclassified,Unclassified,Unclassified,Unclassified
vOTU_4187,Viruses,Monodnaviria,Sangervirae,Phixviricota,Malgrandaviricetes,Petitvirales,Microviridae,Unclassified
vOTU_4209,Viruses,Unclassified,Unclassified,Unclassified,Unclassified,Unclassified,Unclassified,Unclassified
vOTU_4246,Viruses,Duplodnaviria,Heunggongvirae,Uroviricota,Caudoviricetes,Caudovirales,Unclassified,Unclassified
vOTU_4251,Viruses,Duplodnaviria,Heunggongvirae,Uroviricota,Caudoviricetes,Caudovirales,Unclassified,Unclassified
vOTU_4263,Viruses,Monodnaviria,Sangervirae,Phixviricota,Malgrandaviricetes,Petitvirales,Microviridae,Unclassified
vOTU_4308,Viruses,Duplodnaviria,Heunggongvirae,Uroviricota,Caudoviricetes,Caudovirales,Siphoviridae,Unclassified
vOTU_4327,Viruses,Duplodnaviria,Heunggongvirae,Uroviricota,Caudoviricetes,Caudovirales,Unclassified,Unclassified
vOTU_4348,Viruses,Monodnaviria,Sangervirae,Phixviricota,Malgrandaviricetes,Petitvirales,Microviridae,Unclassified
vOTU_4367,Viruses,Duplodnaviria,Heunggongvirae,Uroviricota,Caudoviricetes,Caudovirales,Myoviridae,Unclassified
vOTU_4435,Viruses,Monodnaviria,Sangervirae,Phixviricota,Malgrandaviricetes,Petitvirales,Microviridae,Unclassified
vOTU_4479,Viruses,Duplodnaviria,Heunggongvirae,Unclassified,Unclassified,Unclassified,Unclassified,Unclassified
vOTU_4492,Viruses,Unclassified,Unclassified,Unclassified,Unclassified,Unclassified,Unclassified,Unclassified
vOTU_4543,Viruses,Duplodnaviria,Heunggongvirae,Uroviricota,Caudoviricetes,Caudovirales,Unclassified,Unclassified
vOTU_4548,Viruses,Duplodnaviria,Heunggongvirae,Uroviricota,Caudoviricetes,Caudovirales,Unclassified,Unclassified
vOTU_4549,Viruses,Duplodnaviria,Heunggongvirae,Uroviricota,Caudoviricetes,Caudovirales,Unclassified,Unclassified
vOTU_4589,Viruses,Duplodnaviria,Heunggongvirae,Uroviricota,Caudoviricetes,Caudovirales,Unclassified,Unclassified
vOTU_4605,Viruses,Unclassified,Unclassified,Unclassified,Unclassified,Unclassified,Unclassified,Unclassified
vOTU_4615,Viruses,Duplodnaviria,Heunggongvirae,Uroviricota,Caudoviricetes,Caudovirales,Myoviridae,Peduovirinae
vOTU_4633,Viruses,Duplodnaviria,Heunggongvirae,Uroviricota,Caudoviricetes,Caudovirales,Myoviridae,Unclassified
vOTU_4673,Viruses,Unclassified,Unclassified,Unclassified,Unclassified,Unclassified,Unclassified,Unclassified
vOTU_4691,Viruses,Duplodnaviria,Heunggongvirae,Uroviricota,Caudoviricetes,Caudovirales,Unclassified,Unclassified
vOTU_4709,Viruses,Duplodnaviria,Heunggongvirae,Uroviricota,Caudoviricetes,Caudovirales,Unclassified,Unclassified
vOTU_4737,Viruses,Monodnaviria,Shotokuvirae,Unclassified,Unclassified,Unclassified,Unclassified,Unclassified
vOTU_4782,Viruses,Duplodnaviria,Heunggongvirae,Uroviricota,Caudoviricetes,Caudovirales,Unclassified,Unclassified
vOTU_4786,Viruses,Unclassified,Unclassified,Unclassified,Unclassified,Unclassified,Unclassified,Unclassified
vOTU_4808,Viruses,Duplodnaviria,Heunggongvirae,Uroviricota,Caudoviricetes,Caudovirales,Unclassified,Unclassified
vOTU_4826,Viruses,Duplodnaviria,Heunggongvirae,Uroviricota,Caudoviricetes,Caudovirales,Unclassified,Unclassified
vOTU_4845,Viruses,Monodnaviria,Sangervirae,Phixviricota,Malgrandaviricetes,Petitvirales,Microviridae,Unclassified
vOTU_4848,Viruses,Unclassified,Unclassified,Unclassified,Unclassified,Unclassified,Unclassified,Unclassified
vOTU_4852,Viruses,Monodnaviria,Sangervirae,Phixviricota,Malgrandaviricetes,Petitvirales,Microviridae,Unclassified
vOTU_4904,Viruses,Unclassified,Unclassified,Unclassified,Unclassified,Unclassified,Unclassified,Unclassified
vOTU_4927,Viruses,Monodnaviria,Sangervirae,Phixviricota,Malgrandaviricetes,Petitvirales,Microviridae,Unclassified
vOTU_4969,Viruses,Duplodnaviria,Heunggongvirae,Uroviricota,Caudoviricetes,Caudovirales,Unclassified,Unclassified
vOTU_4987,Viruses,Unclassified,Unclassified,Unclassified,Unclassified,Unclassified,Unclassified,Unclassified
vOTU_5074,Viruses,Duplodnaviria,Heunggongvirae,Uroviricota,Caudoviricetes,Caudovirales,Unclassified,Unclassified
vOTU_5097,Viruses,Duplodnaviria,Heunggongvirae,Uroviricota,Caudoviricetes,Caudovirales,Unclassified,Unclassified
vOTU_5132,Viruses,Monodnaviria,Sangervirae,Phixviricota,Malgrandaviricetes,Petitvirales,Microviridae,Unclassified
vOTU_5144,Viruses,Duplodnaviria,Heunggongvirae,Uroviricota,Caudoviricetes,Caudovirales,Myoviridae,Unclassified
vOTU_5175,Viruses,Monodnaviria,Sangervirae,Phixviricota,Malgrandaviricetes,Petitvirales,Microviridae,Unclassified
vOTU_5211,Viruses,Unclassified,Unclassified,Unclassified,Unclassified,Unclassified,Unclassified,Unclassified
vOTU_5215,Viruses,Duplodnaviria,Heunggongvirae,Uroviricota,Caudoviricetes,Caudovirales,Unclassified,Unclassified
vOTU_5216,Viruses,Duplodnaviria,Heunggongvirae,Uroviricota,Caudoviricetes,Caudovirales,Podoviridae,Unclassified
vOTU_5218,Viruses,Unclassified,Unclassified,Unclassified,Unclassified,Unclassified,Unclassified,Unclassified
vOTU_5226,Viruses,Unclassified,Unclassified,Unclassified,Unclassified,Unclassified,Unclassified,Unclassified
vOTU_5227,Viruses,Unclassified,Unclassified,Unclassified,Unclassified,Unclassified,Unclassified,Unclassified
vOTU_5284,Viruses,Monodnaviria,Sangervirae,Phixviricota,Malgrandaviricetes,Petitvirales,Microviridae,Unclassified
vOTU_5312,Viruses,Unclassified,Unclassified,Unclassified,Unclassified,Unclassified,Unclassified,Unclassified
vOTU_5356,Viruses,Duplodnaviria,Heunggongvirae,Uroviricota,Caudoviricetes,Caudovirales,Unclassified,Unclassified
vOTU_5404,Viruses,Unclassified,Unclassified,Unclassified,Unclassified,Unclassified,Unclassified,Unclassified
vOTU_5408,Viruses,Monodnaviria,Sangervirae,Phixviricota,Malgrandaviricetes,Petitvirales,Microviridae,Unclassified
vOTU_5421,Viruses,Duplodnaviria,Heunggongvirae,Uroviricota,Caudoviricetes,Caudovirales,Unclassified,Unclassified
vOTU_5428,Viruses,Unclassified,Unclassified,Unclassified,Unclassified,Unclassified,Unclassified,Unclassified
vOTU_5486,Viruses,Duplodnaviria,Heunggongvirae,Uroviricota,Caudoviricetes,Caudovirales,Myoviridae,Unclassified
vOTU_5507,Viruses,Unclassified,Unclassified,Unclassified,Unclassified,Unclassified,Unclassified,Unclassified
vOTU_5528,Viruses,Duplodnaviria,Heunggongvirae,Uroviricota,Caudoviricetes,Caudovirales,Unclassified,Unclassified
vOTU_5560,Viruses,Unclassified,Unclassified,Unclassified,Unclassified,Unclassified,Unclassified,Unclassified
vOTU_5565,Viruses,Duplodnaviria,Heunggongvirae,Uroviricota,Caudoviricetes,Caudovirales,Unclassified,Unclassified
vOTU_5571,Viruses,Monodnaviria,Sangervirae,Phixviricota,Malgrandaviricetes,Petitvirales,Microviridae,Unclassified
vOTU_5598,Viruses,Duplodnaviria,Heunggongvirae,Uroviricota,Caudoviricetes,Caudovirales,Podoviridae,Unclassified
vOTU_5620,Viruses,Duplodnaviria,Heunggongvirae,Uroviricota,Caudoviricetes,Caudovirales,Unclassified,Unclassified
vOTU_5638,Viruses,Duplodnaviria,Heunggongvirae,Uroviricota,Caudoviricetes,Caudovirales,Unclassified,Unclassified
vOTU_5642,Viruses,Duplodnaviria,Heunggongvirae,Uroviricota,Caudoviricetes,Caudovirales,Unclassified,Unclassified
vOTU_5645,Viruses,Unclassified,Unclassified,Unclassified,Unclassified,Unclassified,Unclassified,Unclassified
vOTU_5651,Viruses,Unclassified,Unclassified,Unclassified,Unclassified,Unclassified,Unclassified,Unclassified
vOTU_5672,Viruses,Duplodnaviria,Heunggongvirae,Uroviricota,Caudoviricetes,Caudovirales,Unclassified,Unclassified
vOTU_5706,Viruses,Unclassified,Unclassified,Unclassified,Unclassified,Unclassified,Unclassified,Unclassified
vOTU_5741,Viruses,Duplodnaviria,Heunggongvirae,Uroviricota,Caudoviricetes,Caudovirales,Unclassified,Unclassified
vOTU_5763,Viruses,Unclassified,Unclassified,Unclassified,Unclassified,Unclassified,Unclassified,Unclassified
vOTU_5778,Viruses,Monodnaviria,Sangervirae,Phixviricota,Malgrandaviricetes,Petitvirales,Microviridae,Unclassified
vOTU_5826,Viruses,Duplodnaviria,Heunggongvirae,Uroviricota,Caudoviricetes,Caudovirales,Unclassified,Unclassified
vOTU_5942,Viruses,Unclassified,Unclassified,Unclassified,Unclassified,Unclassified,Unclassified,Unclassified
vOTU_5971,Viruses,Unclassified,Unclassified,Unclassified,Unclassified,Unclassified,Unclassified,Unclassified
vOTU_6020,Viruses,Unclassified,Unclassified,Unclassified,Unclassified,Unclassified,Unclassified,Unclassified
vOTU_6049,Viruses,Monodnaviria,Sangervirae,Phixviricota,Malgrandaviricetes,Petitvirales,Microviridae,Unclassified
vOTU_6056,Viruses,Duplodnaviria,Heunggongvirae,Uroviricota,Caudoviricetes,Caudovirales,Unclassified,Unclassified
vOTU_6070,Viruses,Unclassified,Unclassified,Unclassified,Unclassified,Unclassified,Unclassified,Unclassified
vOTU_6120,Viruses,Monodnaviria,Sangervirae,Phixviricota,Malgrandaviricetes,Petitvirales,Microviridae,Unclassified
vOTU_6122,Viruses,Unclassified,Unclassified,Unclassified,Unclassified,Unclassified,Unclassified,Unclassified
vOTU_6124,Viruses,Unclassified,Unclassified,Unclassified,Unclassified,Unclassified,Unclassified,Unclassified
vOTU_6127,Viruses,Duplodnaviria,Heunggongvirae,Uroviricota,Caudoviricetes,Caudovirales,Unclassified,Unclassified
vOTU_6131,Viruses,Duplodnaviria,Heunggongvirae,Uroviricota,Caudoviricetes,Caudovirales,Unclassified,Unclassified
vOTU_6165,Viruses,Monodnaviria,Sangervirae,Phixviricota,Malgrandaviricetes,Petitvirales,Microviridae,Unclassified
vOTU_6208,Viruses,Duplodnaviria,Heunggongvirae,Uroviricota,Caudoviricetes,Caudovirales,Myoviridae,Unclassified
vOTU_6223,Viruses,Unclassified,Unclassified,Unclassified,Unclassified,Unclassified,Unclassified,Unclassified
vOTU_6245,Viruses,Duplodnaviria,Heunggongvirae,Uroviricota,Caudoviricetes,Caudovirales,Podoviridae,Unclassified
vOTU_6313,Viruses,Monodnaviria,Shotokuvirae,Unclassified,Unclassified,Unclassified,Unclassified,Unclassified
vOTU_6390,Viruses,Duplodnaviria,Heunggongvirae,Uroviricota,Caudoviricetes,Caudovirales,Unclassified,Unclassified
vOTU_6411,Viruses,Duplodnaviria,Heunggongvirae,Uroviricota,Caudoviricetes,Caudovirales,Podoviridae,Unclassified
vOTU_6496,Viruses,Monodnaviria,Sangervirae,Phixviricota,Malgrandaviricetes,Petitvirales,Microviridae,Unclassified
vOTU_6522,Viruses,Unclassified,Unclassified,Unclassified,Unclassified,Unclassified,Unclassified,Unclassified
vOTU_6540,Viruses,Duplodnaviria,Heunggongvirae,Uroviricota,Caudoviricetes,Caudovirales,Unclassified,Unclassified
vOTU_6551,Viruses,Duplodnaviria,Heunggongvirae,Uroviricota,Caudoviricetes,Caudovirales,Podoviridae,Unclassified
vOTU_6564,Viruses,Duplodnaviria,Heunggongvirae,Uroviricota,Caudoviricetes,Caudovirales,Unclassified,Unclassified
vOTU_6584,Viruses,Duplodnaviria,Heunggongvirae,Uroviricota,Caudoviricetes,Caudovirales,Podoviridae,Unclassified
vOTU_6589,Viruses,Duplodnaviria,Heunggongvirae,Uroviricota,Caudoviricetes,Caudovirales,Unclassified,Unclassified
vOTU_6592,Viruses,Duplodnaviria,Heunggongvirae,Uroviricota,Caudoviricetes,Caudovirales,Unclassified,Unclassified
vOTU_6611,Viruses,Duplodnaviria,Heunggongvirae,Uroviricota,Caudoviricetes,Caudovirales,Unclassified,Unclassified
vOTU_6660,Viruses,Duplodnaviria,Heunggongvirae,Uroviricota,Caudoviricetes,Caudovirales,Siphoviridae,Unclassified
vOTU_6687,Viruses,Duplodnaviria,Heunggongvirae,Uroviricota,Caudoviricetes,Caudovirales,Unclassified,Unclassified
vOTU_6762,Viruses,Unclassified,Unclassified,Unclassified,Unclassified,Unclassified,Unclassified,Unclassified
vOTU_6773,Viruses,Duplodnaviria,Heunggongvirae,Uroviricota,Caudoviricetes,Caudovirales,Podoviridae,Unclassified
vOTU_6788,Viruses,Unclassified,Unclassified,Unclassified,Unclassified,Unclassified,Unclassified,Unclassified
vOTU_6932,Viruses,Duplodnaviria,Heunggongvirae,Uroviricota,Caudoviricetes,Caudovirales,Unclassified,Unclassified
vOTU_6955,Viruses,Duplodnaviria,Heunggongvirae,Uroviricota,Caudoviricetes,Caudovirales,Unclassified,Unclassified
vOTU_6965,Viruses,Duplodnaviria,Heunggongvirae,Uroviricota,Caudoviricetes,Caudovirales,Unclassified,Unclassified
vOTU_7018,Viruses,Duplodnaviria,Heunggongvirae,Uroviricota,Caudoviricetes,Caudovirales,Unclassified,Unclassified
vOTU_7026,Viruses,Duplodnaviria,Heunggongvirae,Uroviricota,Caudoviricetes,Caudovirales,Unclassified,Unclassified
vOTU_7050,Viruses,Monodnaviria,Sangervirae,Phixviricota,Malgrandaviricetes,Petitvirales,Microviridae,Unclassified
vOTU_7062,Viruses,Unclassified,Unclassified,Unclassified,Unclassified,Unclassified,Unclassified,Unclassified
vOTU_7088,Viruses,Duplodnaviria,Heunggongvirae,Uroviricota,Caudoviricetes,Caudovirales,Myoviridae,Unclassified
vOTU_7104,Viruses,Monodnaviria,Sangervirae,Phixviricota,Malgrandaviricetes,Petitvirales,Microviridae,Unclassified
vOTU_7117,Viruses,Duplodnaviria,Heunggongvirae,Uroviricota,Caudoviricetes,Caudovirales,Podoviridae,Unclassified
vOTU_7153,Viruses,Duplodnaviria,Heunggongvirae,Uroviricota,Caudoviricetes,Caudovirales,Unclassified,Unclassified
vOTU_7159,Viruses,Unclassified,Unclassified,Unclassified,Unclassified,Unclassified,Unclassified,Unclassified
vOTU_7169,Viruses,Duplodnaviria,Heunggongvirae,Uroviricota,Caudoviricetes,Caudovirales,Myoviridae,Unclassified
vOTU_7205,Viruses,Unclassified,Unclassified,Unclassified,Unclassified,Unclassified,Unclassified,Unclassified
vOTU_7212,Viruses,Monodnaviria,Sangervirae,Phixviricota,Malgrandaviricetes,Petitvirales,Microviridae,Unclassified
vOTU_7244,Viruses,Duplodnaviria,Heunggongvirae,Uroviricota,Caudoviricetes,Caudovirales,Unclassified,Unclassified
vOTU_7257,Viruses,Duplodnaviria,Heunggongvirae,Uroviricota,Caudoviricetes,Caudovirales,Unclassified,Unclassified
vOTU_7268,Viruses,Unclassified,Unclassified,Unclassified,Unclassified,Unclassified,Unclassified,Unclassified
vOTU_7288,Viruses,Monodnaviria,Sangervirae,Phixviricota,Malgrandaviricetes,Petitvirales,Microviridae,Unclassified
vOTU_7351,Viruses,Duplodnaviria,Heunggongvirae,Uroviricota,Caudoviricetes,Caudovirales,Unclassified,Unclassified
vOTU_7358,Viruses,Monodnaviria,Sangervirae,Phixviricota,Malgrandaviricetes,Petitvirales,Microviridae,Unclassified
vOTU_7441,Viruses,Unclassified,Unclassified,Unclassified,Unclassified,Unclassified,Unclassified,Unclassified
vOTU_7443,Viruses,Duplodnaviria,Heunggongvirae,Uroviricota,Caudoviricetes,Caudovirales,Unclassified,Unclassified
vOTU_7445,Viruses,Duplodnaviria,Heunggongvirae,Uroviricota,Caudoviricetes,Caudovirales,Unclassified,Unclassified
vOTU_7450,Viruses,Duplodnaviria,Heunggongvirae,Uroviricota,Caudoviricetes,Caudovirales,Unclassified,Unclassified
vOTU_7461,Viruses,Unclassified,Unclassified,Unclassified,Unclassified,Unclassified,Unclassified,Unclassified
vOTU_7491,Viruses,Duplodnaviria,Heunggongvirae,Uroviricota,Caudoviricetes,Caudovirales,Unclassified,Unclassified
vOTU_7519,Viruses,Unclassified,Unclassified,Unclassified,Unclassified,Unclassified,Unclassified,Unclassified
vOTU_7547,Viruses,Unclassified,Unclassified,Unclassified,Unclassified,Unclassified,Unclassified,Unclassified
vOTU_7551,Viruses,Duplodnaviria,Heunggongvirae,Uroviricota,Caudoviricetes,Caudovirales,Podoviridae,Unclassified
vOTU_7587,Viruses,Unclassified,Unclassified,Unclassified,Unclassified,Unclassified,Unclassified,Unclassified
vOTU_7626,Viruses,Duplodnaviria,Heunggongvirae,Uroviricota,Caudoviricetes,Caudovirales,Podoviridae,Unclassified
vOTU_7639,Viruses,Duplodnaviria,Heunggongvirae,Uroviricota,Caudoviricetes,Caudovirales,Unclassified,Unclassified
vOTU_7676,Viruses,Duplodnaviria,Heunggongvirae,Uroviricota,Caudoviricetes,Caudovirales,Unclassified,Unclassified
vOTU_7677,Viruses,Duplodnaviria,Heunggongvirae,Uroviricota,Caudoviricetes,Caudovirales,Unclassified,Unclassified
vOTU_7684,Viruses,Duplodnaviria,Heunggongvirae,Uroviricota,Caudoviricetes,Caudovirales,Unclassified,Unclassified
vOTU_7693,Viruses,Duplodnaviria,Heunggongvirae,Uroviricota,Caudoviricetes,Caudovirales,Unclassified,Unclassified
vOTU_7756,Viruses,Duplodnaviria,Heunggongvirae,Uroviricota,Caudoviricetes,Caudovirales,Unclassified,Unclassified
vOTU_7769,Viruses,Unclassified,Unclassified,Unclassified,Unclassified,Unclassified,Unclassified,Unclassified
vOTU_7790,Viruses,Unclassified,Unclassified,Unclassified,Unclassified,Unclassified,Unclassified,Unclassified
vOTU_7799,Viruses,Duplodnaviria,Heunggongvirae,Uroviricota,Caudoviricetes,Caudovirales,Unclassified,Unclassified
vOTU_7850,Viruses,Unclassified,Unclassified,Unclassified,Unclassified,Unclassified,Unclassified,Unclassified
vOTU_7851,Viruses,Duplodnaviria,Heunggongvirae,Uroviricota,Caudoviricetes,Caudovirales,Unclassified,Unclassified
vOTU_7857,Viruses,Duplodnaviria,Heunggongvirae,Uroviricota,Caudoviricetes,Caudovirales,Unclassified,Unclassified
vOTU_7881,Viruses,Unclassified,Unclassified,Unclassified,Unclassified,Unclassified,Unclassified,Unclassified
vOTU_7965,Viruses,Duplodnaviria,Heunggongvirae,Uroviricota,Caudoviricetes,Caudovirales,Unclassified,Unclassified
vOTU_8002,Viruses,Duplodnaviria,Heunggongvirae,Uroviricota,Caudoviricetes,Caudovirales,Unclassified,Unclassified
vOTU_8070,Viruses,Unclassified,Unclassified,Unclassified,Unclassified,Unclassified,Unclassified,Unclassified
vOTU_8094,Viruses,Duplodnaviria,Heunggongvirae,Uroviricota,Caudoviricetes,Caudovirales,Podoviridae,Lightbulbvirus
vOTU_8152,Viruses,Duplodnaviria,Heunggongvirae,Uroviricota,Caudoviricetes,Caudovirales,Unclassified,Unclassified
vOTU_8156,Viruses,Duplodnaviria,Heunggongvirae,Uroviricota,Caudoviricetes,Caudovirales,Myoviridae,Unclassified
vOTU_8158,Viruses,Unclassified,Unclassified,Unclassified,Unclassified,Unclassified,Unclassified,Unclassified
vOTU_8181,Viruses,Unclassified,Unclassified,Unclassified,Unclassified,Unclassified,Unclassified,Unclassified
vOTU_8204,Viruses,Duplodnaviria,Heunggongvirae,Uroviricota,Caudoviricetes,Caudovirales,Siphoviridae,Inhavirus
vOTU_8216,Viruses,Unclassified,Unclassified,Unclassified,Unclassified,Unclassified,Unclassified,Unclassified
vOTU_8277,Viruses,Unclassified,Unclassified,Unclassified,Unclassified,Unclassified,Unclassified,Unclassified
vOTU_8307,Viruses,Duplodnaviria,Heunggongvirae,Uroviricota,Caudoviricetes,Caudovirales,Unclassified,Unclassified
vOTU_8335,Viruses,Unclassified,Unclassified,Unclassified,Unclassified,Unclassified,Unclassified,Unclassified
vOTU_8362,Viruses,Duplodnaviria,Heunggongvirae,Uroviricota,Caudoviricetes,Caudovirales,Unclassified,Unclassified
vOTU_8383,Viruses,Duplodnaviria,Heunggongvirae,Uroviricota,Caudoviricetes,Caudovirales,Unclassified,Unclassified
vOTU_8414,Viruses,Unclassified,Unclassified,Unclassified,Unclassified,Unclassified,Unclassified,Unclassified
vOTU_8428,Viruses,Unclassified,Unclassified,Unclassified,Unclassified,Unclassified,Unclassified,Unclassified
vOTU_8429,Viruses,Unclassified,Unclassified,Unclassified,Unclassified,Unclassified,Unclassified,Unclassified
vOTU_8444,Viruses,Unclassified,Unclassified,Unclassified,Unclassified,Unclassified,Unclassified,Unclassified
vOTU_8450,Viruses,Monodnaviria,Sangervirae,Phixviricota,Malgrandaviricetes,Petitvirales,Microviridae,Unclassified
vOTU_8549,Viruses,Unclassified,Unclassified,Unclassified,Unclassified,Unclassified,Unclassified,Unclassified
vOTU_8557,Viruses,Duplodnaviria,Heunggongvirae,Peploviricota,Herviviricetes,Herpesvirales,Herpesviridae,Alphaherpesvirinae
vOTU_8558,Viruses,Unclassified,Unclassified,Unclassified,Unclassified,Unclassified,Unclassified,Unclassified
vOTU_8566,Viruses,Duplodnaviria,Heunggongvirae,Uroviricota,Caudoviricetes,Caudovirales,Unclassified,Unclassified
vOTU_8616,Viruses,Unclassified,Unclassified,Unclassified,Unclassified,Unclassified,Unclassified,Unclassified
vOTU_8629,Viruses,Unclassified,Unclassified,Unclassified,Unclassified,Unclassified,Unclassified,Unclassified
vOTU_8640,Viruses,Unclassified,Unclassified,Unclassified,Unclassified,Unclassified,Unclassified,Unclassified
vOTU_8812,Viruses,Duplodnaviria,Heunggongvirae,Uroviricota,Caudoviricetes,Caudovirales,Unclassified,Unclassified
vOTU_8820,Viruses,Duplodnaviria,Heunggongvirae,Uroviricota,Caudoviricetes,Caudovirales,Siphoviridae,Unclassified
vOTU_8840,Viruses,Duplodnaviria,Heunggongvirae,Uroviricota,Caudoviricetes,Caudovirales,Podoviridae,Unclassified
vOTU_8852,Viruses,Unclassified,Unclassified,Unclassified,Unclassified,Unclassified,Unclassified,Unclassified
vOTU_8905,Viruses,Unclassified,Unclassified,Unclassified,Unclassified,Unclassified,Unclassified,Unclassified
vOTU_8906,Viruses,Duplodnaviria,Heunggongvirae,Uroviricota,Caudoviricetes,Caudovirales,Podoviridae,Unclassified
vOTU_8931,Viruses,Duplodnaviria,Heunggongvirae,Uroviricota,Caudoviricetes,Caudovirales,Myoviridae,Unclassified
vOTU_8963,Viruses,Unclassified,Unclassified,Unclassified,Unclassified,Unclassified,Unclassified,Unclassified
vOTU_8979,Viruses,Duplodnaviria,Heunggongvirae,Uroviricota,Caudoviricetes,Caudovirales,Unclassified,Unclassified
vOTU_8986,Viruses,Monodnaviria,Shotokuvirae,Unclassified,Unclassified,Unclassified,Unclassified,Unclassified
vOTU_8996,Viruses,Unclassified,Unclassified,Unclassified,Unclassified,Unclassified,Unclassified,Unclassified
vOTU_9040,Viruses,Unclassified,Unclassified,Unclassified,Unclassified,Unclassified,Unclassified,Unclassified
vOTU_9090,Viruses,Unclassified,Unclassified,Unclassified,Unclassified,Unclassified,Unclassified,Unclassified
vOTU_9143,Viruses,Duplodnaviria,Heunggongvirae,Uroviricota,Caudoviricetes,Caudovirales,Podoviridae,Lightbulbvirus
vOTU_9145,Viruses,Monodnaviria,Sangervirae,Phixviricota,Malgrandaviricetes,Petitvirales,Microviridae,Unclassified
vOTU_9185,Viruses,Monodnaviria,Sangervirae,Phixviricota,Malgrandaviricetes,Petitvirales,Microviridae,Unclassified
vOTU_9232,Viruses,Duplodnaviria,Heunggongvirae,Uroviricota,Caudoviricetes,Caudovirales,Unclassified,Unclassified
vOTU_9269,Viruses,Duplodnaviria,Heunggongvirae,Uroviricota,Caudoviricetes,Caudovirales,Podoviridae,Unclassified
vOTU_9302,Viruses,Duplodnaviria,Heunggongvirae,Uroviricota,Caudoviricetes,Caudovirales,Unclassified,Unclassified
vOTU_9336,Viruses,Duplodnaviria,Heunggongvirae,Uroviricota,Caudoviricetes,Caudovirales,Myoviridae,Unclassified
vOTU_9355,Viruses,Duplodnaviria,Heunggongvirae,Uroviricota,Caudoviricetes,Caudovirales,Unclassified,Unclassified
vOTU_9390,Viruses,Monodnaviria,Sangervirae,Phixviricota,Malgrandaviricetes,Petitvirales,Microviridae,Unclassified
vOTU_9393,Viruses,Duplodnaviria,Heunggongvirae,Uroviricota,Caudoviricetes,Caudovirales,Unclassified,Unclassified
vOTU_9401,Viruses,Unclassified,Unclassified,Unclassified,Unclassified,Unclassified,Unclassified,Unclassified
vOTU_9427,Viruses,Duplodnaviria,Heunggongvirae,Uroviricota,Caudoviricetes,Caudovirales,Unclassified,Unclassified
vOTU_9441,Viruses,Unclassified,Unclassified,Unclassified,Unclassified,Unclassified,Unclassified,Unclassified
vOTU_9480,Viruses,Monodnaviria,Shotokuvirae,Unclassified,Unclassified,Unclassified,Unclassified,Unclassified
vOTU_9485,Viruses,Duplodnaviria,Heunggongvirae,Uroviricota,Caudoviricetes,Caudovirales,Unclassified,Unclassified
vOTU_9551,Viruses,Unclassified,Unclassified,Unclassified,Unclassified,Unclassified,Unclassified,Unclassified
vOTU_9642,Viruses,Unclassified,Unclassified,Unclassified,Unclassified,Unclassified,Unclassified,Unclassified
vOTU_9647,Viruses,Monodnaviria,Sangervirae,Phixviricota,Malgrandaviricetes,Petitvirales,Microviridae,Unclassified
vOTU_9703,Viruses,Unclassified,Unclassified,Unclassified,Unclassified,Unclassified,Unclassified,Unclassified
vOTU_9765,Viruses,Duplodnaviria,Heunggongvirae,Uroviricota,Caudoviricetes,Caudovirales,Siphoviridae,Unclassified
vOTU_9831,Viruses,Duplodnaviria,Heunggongvirae,Uroviricota,Caudoviricetes,Caudovirales,Podoviridae,Unclassified
vOTU_9857,Viruses,Monodnaviria,Sangervirae,Phixviricota,Malgrandaviricetes,Petitvirales,Microviridae,Unclassified
vOTU_9940,Viruses,Unclassified,Unclassified,Unclassified,Unclassified,Unclassified,Unclassified,Unclassified
vOTU_9973,Viruses,Duplodnaviria,Heunggongvirae,Uroviricota,Caudoviricetes,Caudovirales,Unclassified,Unclassified
vOTU_10019,Viruses,Unclassified,Unclassified,Unclassified,Unclassified,Unclassified,Unclassified,Unclassified
vOTU_10037,Viruses,Unclassified,Unclassified,Unclassified,Unclassified,Unclassified,Unclassified,Unclassified
vOTU_10044,Viruses,Unclassified,Unclassified,Unclassified,Unclassified,Unclassified,Unclassified,Unclassified
vOTU_10098,Viruses,Duplodnaviria,Heunggongvirae,Uroviricota,Caudoviricetes,Caudovirales,Unclassified,Unclassified
vOTU_10115,Viruses,Monodnaviria,Sangervirae,Phixviricota,Malgrandaviricetes,Petitvirales,Microviridae,Unclassified
vOTU_10143,Viruses,Monodnaviria,Sangervirae,Phixviricota,Malgrandaviricetes,Petitvirales,Microviridae,Unclassified
vOTU_10173,Viruses,Duplodnaviria,Heunggongvirae,Uroviricota,Caudoviricetes,Caudovirales,Unclassified,Unclassified
vOTU_10202,Viruses,Unclassified,Unclassified,Unclassified,Unclassified,Unclassified,Unclassified,Unclassified
vOTU_10241,Viruses,Duplodnaviria,Heunggongvirae,Uroviricota,Caudoviricetes,Caudovirales,Unclassified,Unclassified
vOTU_10244,Viruses,Duplodnaviria,Heunggongvirae,Uroviricota,Caudoviricetes,Caudovirales,Unclassified,Unclassified
vOTU_10281,Viruses,Unclassified,Unclassified,Unclassified,Unclassified,Unclassified,Unclassified,Unclassified
vOTU_10283,Viruses,Duplodnaviria,Heunggongvirae,Uroviricota,Caudoviricetes,Caudovirales,Podoviridae,Unclassified
vOTU_10294,Viruses,Duplodnaviria,Heunggongvirae,Uroviricota,Caudoviricetes,Caudovirales,Unclassified,Unclassified
vOTU_10365,Viruses,Duplodnaviria,Heunggongvirae,Uroviricota,Caudoviricetes,Caudovirales,Podoviridae,Unclassified
vOTU_10460,Viruses,Duplodnaviria,Heunggongvirae,Uroviricota,Caudoviricetes,Caudovirales,Unclassified,Unclassified
vOTU_10497,Viruses,Duplodnaviria,Heunggongvirae,Uroviricota,Caudoviricetes,Caudovirales,Unclassified,Unclassified
vOTU_10507,Viruses,Unclassified,Unclassified,Unclassified,Unclassified,Unclassified,Unclassified,Unclassified
vOTU_10561,Viruses,Duplodnaviria,Heunggongvirae,Uroviricota,Caudoviricetes,Caudovirales,Podoviridae,Unclassified
vOTU_10574,Viruses,Unclassified,Unclassified,Unclassified,Unclassified,Unclassified,Unclassified,Unclassified
vOTU_10582,Viruses,Unclassified,Unclassified,Unclassified,Unclassified,Unclassified,Unclassified,Unclassified
vOTU_10650,Viruses,Unclassified,Unclassified,Unclassified,Unclassified,Unclassified,Unclassified,Unclassified
vOTU_10698,Viruses,Monodnaviria,Sangervirae,Phixviricota,Malgrandaviricetes,Petitvirales,Microviridae,Unclassified
vOTU_10703,Viruses,Duplodnaviria,Heunggongvirae,Uroviricota,Caudoviricetes,Caudovirales,Unclassified,Unclassified
vOTU_10781,Viruses,Unclassified,Unclassified,Unclassified,Unclassified,Unclassified,Unclassified,Unclassified
vOTU_10859,Viruses,Unclassified,Unclassified,Unclassified,Unclassified,Unclassified,Unclassified,Unclassified
vOTU_10895,Viruses,Duplodnaviria,Heunggongvirae,Uroviricota,Caudoviricetes,Caudovirales,Unclassified,Unclassified
vOTU_10949,Viruses,Unclassified,Unclassified,Unclassified,Unclassified,Unclassified,Unclassified,Unclassified
vOTU_10991,Viruses,Unclassified,Unclassified,Unclassified,Unclassified,Unclassified,Unclassified,Unclassified
vOTU_10995,Viruses,Unclassified,Unclassified,Unclassified,Unclassified,Unclassified,Unclassified,Unclassified
vOTU_11022,Viruses,Unclassified,Unclassified,Unclassified,Unclassified,Unclassified,Unclassified,Unclassified
vOTU_11026,Viruses,Unclassified,Unclassified,Unclassified,Unclassified,Unclassified,Unclassified,Unclassified
vOTU_11028,Viruses,Duplodnaviria,Heunggongvirae,Uroviricota,Caudoviricetes,Caudovirales,Unclassified,Unclassified
vOTU_11045,Viruses,Unclassified,Unclassified,Unclassified,Unclassified,Unclassified,Unclassified,Unclassified
vOTU_11052,Viruses,Duplodnaviria,Heunggongvirae,Uroviricota,Caudoviricetes,Caudovirales,Podoviridae,Unclassified
vOTU_11063,Viruses,Duplodnaviria,Heunggongvirae,Uroviricota,Caudoviricetes,Caudovirales,Unclassified,Unclassified
vOTU_11181,Viruses,Unclassified,Unclassified,Unclassified,Unclassified,Unclassified,Unclassified,Unclassified
vOTU_11291,Viruses,Unclassified,Unclassified,Unclassified,Unclassified,Unclassified,Unclassified,Unclassified
vOTU_11306,Viruses,Unclassified,Unclassified,Unclassified,Unclassified,Unclassified,Unclassified,Unclassified
vOTU_11355,Viruses,Unclassified,Unclassified,Unclassified,Unclassified,Unclassified,Unclassified,Unclassified
vOTU_11388,Viruses,Monodnaviria,Sangervirae,Phixviricota,Malgrandaviricetes,Petitvirales,Microviridae,Unclassified
vOTU_11402,Viruses,Unclassified,Unclassified,Unclassified,Unclassified,Unclassified,Unclassified,Unclassified
vOTU_11421,Viruses,Duplodnaviria,Heunggongvirae,Uroviricota,Caudoviricetes,Caudovirales,Unclassified,Unclassified
vOTU_11471,Viruses,Unclassified,Unclassified,Unclassified,Unclassified,Unclassified,Unclassified,Unclassified
vOTU_11500,Viruses,Duplodnaviria,Heunggongvirae,Uroviricota,Caudoviricetes,Caudovirales,Unclassified,Unclassified
vOTU_11547,Viruses,Unclassified,Unclassified,Unclassified,Unclassified,Unclassified,Unclassified,Unclassified
vOTU_11562,Viruses,Monodnaviria,Sangervirae,Phixviricota,Malgrandaviricetes,Petitvirales,Microviridae,Unclassified
vOTU_11641,Viruses,Duplodnaviria,Heunggongvirae,Uroviricota,Caudoviricetes,Caudovirales,Podoviridae,Unclassified
vOTU_11690,Viruses,Duplodnaviria,Heunggongvirae,Uroviricota,Caudoviricetes,Caudovirales,Siphoviridae,Unclassified
vOTU_11720,Viruses,Unclassified,Unclassified,Unclassified,Unclassified,Unclassified,Unclassified,Unclassified
vOTU_11752,Viruses,Unclassified,Unclassified,Unclassified,Unclassified,Unclassified,Unclassified,Unclassified
vOTU_11841,Viruses,Unclassified,Unclassified,Unclassified,Unclassified,Unclassified,Unclassified,Unclassified
vOTU_11843,Viruses,Unclassified,Unclassified,Unclassified,Unclassified,Unclassified,Unclassified,Unclassified
vOTU_11855,Viruses,Unclassified,Unclassified,Unclassified,Unclassified,Unclassified,Unclassified,Unclassified
vOTU_12027,Viruses,Unclassified,Unclassified,Unclassified,Unclassified,Unclassified,Unclassified,Unclassified
vOTU_12087,Viruses,Monodnaviria,Sangervirae,Phixviricota,Malgrandaviricetes,Petitvirales,Microviridae,Unclassified
vOTU_12099,Viruses,Duplodnaviria,Heunggongvirae,Uroviricota,Caudoviricetes,Caudovirales,Unclassified,Unclassified
vOTU_12115,Viruses,Duplodnaviria,Heunggongvirae,Uroviricota,Caudoviricetes,Caudovirales,Unclassified,Unclassified
vOTU_12151,Viruses,Duplodnaviria,Heunggongvirae,Uroviricota,Caudoviricetes,Caudovirales,Myoviridae,Unclassified
vOTU_12152,Viruses,Duplodnaviria,Heunggongvirae,Uroviricota,Caudoviricetes,Caudovirales,Unclassified,Unclassified
vOTU_12214,Viruses,Duplodnaviria,Heunggongvirae,Uroviricota,Caudoviricetes,Caudovirales,Unclassified,Unclassified
vOTU_12247,Viruses,Unclassified,Unclassified,Unclassified,Unclassified,Unclassified,Unclassified,Unclassified
vOTU_12248,Viruses,Duplodnaviria,Heunggongvirae,Uroviricota,Caudoviricetes,Caudovirales,Unclassified,Unclassified
vOTU_12251,Viruses,Unclassified,Unclassified,Unclassified,Unclassified,Unclassified,Unclassified,Unclassified
vOTU_12353,Viruses,Monodnaviria,Sangervirae,Phixviricota,Malgrandaviricetes,Petitvirales,Microviridae,Unclassified
vOTU_12378,Viruses,Duplodnaviria,Heunggongvirae,Uroviricota,Caudoviricetes,Caudovirales,Unclassified,Unclassified
vOTU_12379,Viruses,Unclassified,Unclassified,Unclassified,Unclassified,Unclassified,Unclassified,Unclassified
vOTU_12386,Viruses,Unclassified,Unclassified,Unclassified,Unclassified,Unclassified,Unclassified,Unclassified
vOTU_12392,Viruses,Duplodnaviria,Heunggongvirae,Uroviricota,Caudoviricetes,Caudovirales,Unclassified,Unclassified
vOTU_12412,Viruses,Unclassified,Unclassified,Unclassified,Unclassified,Unclassified,Unclassified,Unclassified
vOTU_12444,Viruses,Unclassified,Unclassified,Unclassified,Unclassified,Unclassified,Unclassified,Unclassified
vOTU_12463,Viruses,Unclassified,Unclassified,Unclassified,Unclassified,Unclassified,Unclassified,Unclassified
vOTU_12483,Viruses,Duplodnaviria,Heunggongvirae,Uroviricota,Caudoviricetes,Caudovirales,Myoviridae,Unclassified
vOTU_12496,Viruses,Duplodnaviria,Heunggongvirae,Uroviricota,Caudoviricetes,Caudovirales,Unclassified,Unclassified
vOTU_12582,Viruses,Unclassified,Unclassified,Unclassified,Unclassified,Unclassified,Unclassified,Unclassified
vOTU_12665,Viruses,Duplodnaviria,Heunggongvirae,Uroviricota,Caudoviricetes,Caudovirales,Siphoviridae,Inhavirus
vOTU_12739,Viruses,Monodnaviria,Sangervirae,Phixviricota,Malgrandaviricetes,Petitvirales,Microviridae,Unclassified
vOTU_12756,Viruses,Duplodnaviria,Heunggongvirae,Uroviricota,Caudoviricetes,Caudovirales,Unclassified,Unclassified
vOTU_12773,Viruses,Unclassified,Unclassified,Unclassified,Unclassified,Unclassified,Unclassified,Unclassified
vOTU_12780,Viruses,Duplodnaviria,Heunggongvirae,Uroviricota,Caudoviricetes,Caudovirales,Myoviridae,Unclassified
vOTU_12816,Viruses,Unclassified,Unclassified,Unclassified,Unclassified,Unclassified,Unclassified,Unclassified
vOTU_12894,Viruses,Unclassified,Unclassified,Unclassified,Unclassified,Unclassified,Unclassified,Unclassified
vOTU_12982,Viruses,Unclassified,Unclassified,Unclassified,Unclassified,Unclassified,Unclassified,Unclassified
vOTU_12998,Viruses,Monodnaviria,Sangervirae,Phixviricota,Malgrandaviricetes,Petitvirales,Microviridae,Unclassified
vOTU_13017,Viruses,Unclassified,Unclassified,Unclassified,Unclassified,Unclassified,Unclassified,Unclassified
vOTU_13020,Viruses,Monodnaviria,Sangervirae,Phixviricota,Malgrandaviricetes,Petitvirales,Microviridae,Unclassified
vOTU_13025,Viruses,Duplodnaviria,Heunggongvirae,Uroviricota,Caudoviricetes,Caudovirales,Unclassified,Unclassified
vOTU_13034,Viruses,Monodnaviria,Sangervirae,Phixviricota,Malgrandaviricetes,Petitvirales,Microviridae,Unclassified
vOTU_13035,Viruses,Unclassified,Unclassified,Unclassified,Unclassified,Unclassified,Unclassified,Unclassified
vOTU_13036,Viruses,Duplodnaviria,Heunggongvirae,Uroviricota,Caudoviricetes,Caudovirales,Unclassified,Unclassified
vOTU_13062,Viruses,Duplodnaviria,Heunggongvirae,Uroviricota,Caudoviricetes,Caudovirales,Unclassified,Unclassified
vOTU_13107,Viruses,Duplodnaviria,Heunggongvirae,Uroviricota,Caudoviricetes,Caudovirales,Unclassified,Unclassified
vOTU_13110,Viruses,Duplodnaviria,Heunggongvirae,Uroviricota,Caudoviricetes,Caudovirales,Unclassified,Unclassified
vOTU_13123,Viruses,Monodnaviria,Sangervirae,Phixviricota,Malgrandaviricetes,Petitvirales,Microviridae,Unclassified
vOTU_13133,Viruses,Unclassified,Unclassified,Unclassified,Unclassified,Unclassified,Unclassified,Unclassified
vOTU_13142,Viruses,Unclassified,Unclassified,Unclassified,Unclassified,Unclassified,Unclassified,Unclassified
vOTU_13211,Viruses,Duplodnaviria,Heunggongvirae,Uroviricota,Caudoviricetes,Caudovirales,Unclassified,Unclassified
vOTU_13212,Viruses,Duplodnaviria,Heunggongvirae,Uroviricota,Caudoviricetes,Caudovirales,Unclassified,Unclassified
vOTU_13216,Viruses,Duplodnaviria,Heunggongvirae,Uroviricota,Caudoviricetes,Caudovirales,Unclassified,Unclassified
vOTU_13250,Viruses,Unclassified,Unclassified,Unclassified,Unclassified,Unclassified,Unclassified,Unclassified
vOTU_13288,Viruses,Duplodnaviria,Heunggongvirae,Uroviricota,Caudoviricetes,Caudovirales,Unclassified,Unclassified
vOTU_13295,Viruses,Duplodnaviria,Heunggongvirae,Uroviricota,Caudoviricetes,Caudovirales,Unclassified,Unclassified
vOTU_13351,Viruses,Duplodnaviria,Heunggongvirae,Uroviricota,Caudoviricetes,Caudovirales,Unclassified,Unclassified
vOTU_13394,Viruses,Unclassified,Unclassified,Unclassified,Unclassified,Unclassified,Unclassified,Unclassified
vOTU_13509,Viruses,Duplodnaviria,Heunggongvirae,Uroviricota,Caudoviricetes,Caudovirales,Unclassified,Unclassified
vOTU_13541,Viruses,Duplodnaviria,Heunggongvirae,Uroviricota,Caudoviricetes,Caudovirales,Unclassified,Unclassified
vOTU_13612,Viruses,Duplodnaviria,Heunggongvirae,Uroviricota,Caudoviricetes,Caudovirales,Unclassified,Unclassified
vOTU_13613,Viruses,Monodnaviria,Sangervirae,Phixviricota,Malgrandaviricetes,Petitvirales,Microviridae,Unclassified
vOTU_13703,Viruses,Duplodnaviria,Heunggongvirae,Uroviricota,Caudoviricetes,Caudovirales,Podoviridae,Unclassified
vOTU_13768,Viruses,Unclassified,Unclassified,Unclassified,Unclassified,Unclassified,Unclassified,Unclassified
vOTU_13784,Viruses,Unclassified,Unclassified,Unclassified,Unclassified,Unclassified,Unclassified,Unclassified
vOTU_13785,Viruses,Unclassified,Unclassified,Unclassified,Unclassified,Unclassified,Unclassified,Unclassified
vOTU_13801,Viruses,Unclassified,Unclassified,Unclassified,Unclassified,Unclassified,Unclassified,Unclassified
vOTU_13803,Viruses,Duplodnaviria,Heunggongvirae,Uroviricota,Caudoviricetes,Caudovirales,Unclassified,Unclassified
vOTU_13828,Viruses,Unclassified,Unclassified,Unclassified,Unclassified,Unclassified,Unclassified,Unclassified
vOTU_13885,Viruses,Unclassified,Unclassified,Unclassified,Unclassified,Unclassified,Unclassified,Unclassified
vOTU_13902,Viruses,Unclassified,Unclassified,Unclassified,Unclassified,Unclassified,Unclassified,Unclassified
vOTU_13906,Viruses,Unclassified,Unclassified,Unclassified,Unclassified,Unclassified,Unclassified,Unclassified
vOTU_14042,Viruses,Unclassified,Unclassified,Unclassified,Unclassified,Unclassified,Unclassified,Unclassified
vOTU_14085,Viruses,Duplodnaviria,Heunggongvirae,Uroviricota,Caudoviricetes,Caudovirales,Myoviridae,Unclassified
vOTU_14112,Viruses,Monodnaviria,Shotokuvirae,Unclassified,Unclassified,Unclassified,Unclassified,Unclassified
vOTU_14133,Viruses,Unclassified,Unclassified,Unclassified,Unclassified,Unclassified,Unclassified,Unclassified
vOTU_14142,Viruses,Duplodnaviria,Heunggongvirae,Uroviricota,Caudoviricetes,Caudovirales,Siphoviridae,Inhavirus
vOTU_14238,Viruses,Unclassified,Unclassified,Unclassified,Unclassified,Unclassified,Unclassified,Unclassified
vOTU_14247,Viruses,Monodnaviria,Shotokuvirae,Unclassified,Unclassified,Unclassified,Unclassified,Unclassified
vOTU_14255,Viruses,Unclassified,Unclassified,Unclassified,Unclassified,Unclassified,Unclassified,Unclassified
vOTU_14268,Viruses,Unclassified,Unclassified,Unclassified,Unclassified,Unclassified,Unclassified,Unclassified
vOTU_14274,Viruses,Unclassified,Unclassified,Unclassified,Unclassified,Unclassified,Unclassified,Unclassified
vOTU_14316,Viruses,Unclassified,Unclassified,Unclassified,Unclassified,Unclassified,Unclassified,Unclassified
vOTU_14354,Viruses,Duplodnaviria,Heunggongvirae,Uroviricota,Caudoviricetes,Caudovirales,Unclassified,Unclassified
vOTU_14370,Viruses,Unclassified,Unclassified,Unclassified,Unclassified,Unclassified,Unclassified,Unclassified
vOTU_14371,Viruses,Unclassified,Unclassified,Unclassified,Unclassified,Unclassified,Unclassified,Unclassified
vOTU_14376,Viruses,Unclassified,Unclassified,Unclassified,Unclassified,Unclassified,Unclassified,Unclassified
vOTU_14377,Viruses,Unclassified,Unclassified,Unclassified,Unclassified,Unclassified,Unclassified,Unclassified
vOTU_14379,Viruses,Unclassified,Unclassified,Unclassified,Unclassified,Unclassified,Unclassified,Unclassified
vOTU_14380,Viruses,Unclassified,Unclassified,Unclassified,Unclassified,Unclassified,Unclassified,Unclassified
vOTU_14410,Viruses,Unclassified,Unclassified,Unclassified,Unclassified,Unclassified,Unclassified,Unclassified
vOTU_14441,Viruses,Duplodnaviria,Heunggongvirae,Uroviricota,Caudoviricetes,Caudovirales,Unclassified,Unclassified