,Kingdom,Realm,Subrealm,Phylum,Class,Order,Family,Subfamily,Genus,Uniprot_tophit_only_CF,No_genes,vOTU_ID,VIRify (based on tax),checkv_quality,miuvig_quality
vOTU_2,Viruses,Duplodnaviria,Heunggongvirae,Uroviricota,Caudoviricetes,Caudovirales,Myoviridae,,Unclassified,Erwinia_phage,36,vOTU_2,,Medium-quality,Genome-fragment
vOTU_25,Viruses,Duplodnaviria,Heunggongvirae,Uroviricota,Caudoviricetes,Petitvirales,Microviridae,Gokushovirinae,Unclassified,,,vOTU_25,VIRify_high confidence,Medium-quality,Genome-fragment
vOTU_28,Viruses,Duplodnaviria,Heunggongvirae,Uroviricota,Caudoviricetes,Petitvirales,Microviridae,Gokushovirinae,Unclassified,Vibrio_phage,16,vOTU_28,VIRify_high confidence,Medium-quality,Genome-fragment
vOTU_29,Viruses,Duplodnaviria,Heunggongvirae,Uroviricota,Caudoviricetes,Caudovirales,Unclassified,,Unclassified,Vibrio_phage,17,vOTU_29,VIRify_low confidence,Medium-quality,Genome-fragment
vOTU_32,Viruses,Duplodnaviria,Heunggongvirae,Uroviricota,Caudoviricetes,Caudovirales,Unclassified,,Unclassified,Vibrio_phage,16,vOTU_32,VIRify_low confidence,Medium-quality,Genome-fragment
vOTU_46,Viruses,Duplodnaviria,Heunggongvirae,Uroviricota,Caudoviricetes,Caudovirales,Unclassified,,Unclassified,,,vOTU_46,VIRify_low confidence,Medium-quality,Genome-fragment
vOTU_60,Viruses,Duplodnaviria,Heunggongvirae,Uroviricota,Caudoviricetes,Caudovirales,Unclassified,,Unclassified,Oenococcus_phage,1,vOTU_60,VIRify_high confidence,Low-quality,Genome-fragment
vOTU_64,Viruses,Duplodnaviria,Heunggongvirae,Uroviricota,Caudoviricetes,Caudovirales,Unclassified,,Unclassified,Tenacibaculum_phage,8,vOTU_64,VIRify_low confidence,Low-quality,Genome-fragment
vOTU_65,Viruses,Duplodnaviria,Heunggongvirae,Uroviricota,Caudoviricetes,Caudovirales,Unclassified,,Unclassified,uncultured_Caudovirales,1,vOTU_65,VIRify_low confidence,Medium-quality,Genome-fragment
vOTU_68,Viruses,Unclassified,Unclassified,Unclassified,Unclassified,Unclassified,Unclassified,,Unclassified,Oenococcus_phage,1,vOTU_68,,Not-determined,
vOTU_72,Viruses,Duplodnaviria,Heunggongvirae,Uroviricota,Caudoviricetes,Caudovirales,Autographiviridae,,Unclassified,Vibrio_phage,5,vOTU_72,VIRify_low confidence,Medium-quality,Genome-fragment
vOTU_73,Viruses,Duplodnaviria,Heunggongvirae,Uroviricota,Caudoviricetes,Caudovirales,Unclassified,,Unclassified,Flavobacterium_phage,2,vOTU_73,VIRify_low confidence,Low-quality,Genome-fragment
vOTU_84,Viruses,Duplodnaviria,Heunggongvirae,Uroviricota,Caudoviricetes,Caudovirales,Unclassified,,Unclassified,Escherichia_virus,21,vOTU_84,,Not-determined,
vOTU_91,Viruses,Duplodnaviria,Heunggongvirae,Uroviricota,Caudoviricetes,Caudovirales,Unclassified,,Unclassified,Vibrio_phage,2,vOTU_91,,Not-determined,
vOTU_96,Viruses,Duplodnaviria,Heunggongvirae,Uroviricota,Caudoviricetes,Caudovirales,Unclassified,,Unclassified,,,vOTU_96,VIRify_low confidence,Low-quality,Genome-fragment
vOTU_98,Viruses,Duplodnaviria,Heunggongvirae,Uroviricota,Caudoviricetes,Caudovirales,Unclassified,,Unclassified,Oenococcus_phage,1,vOTU_98,,Not-determined,
vOTU_115,Viruses,Duplodnaviria,Heunggongvirae,Uroviricota,Caudoviricetes,Caudovirales,Siphoviridae,,Unclassified,Oenococcus_phage,1,vOTU_115,VIRify_high confidence,Low-quality,Genome-fragment
vOTU_116,Viruses,Duplodnaviria,Heunggongvirae,Uroviricota,Caudoviricetes,Caudovirales,Unclassified,,Unclassified,Vibrio_phage,5,vOTU_116,VIRify_low confidence,Low-quality,Genome-fragment
vOTU_121,Viruses,Duplodnaviria,Heunggongvirae,Uroviricota,Caudoviricetes,Caudovirales,Unclassified,,Unclassified,Myoviridae_sp.,1,vOTU_121,VIRify_low confidence,Low-quality,Genome-fragment
vOTU_130,Viruses,Duplodnaviria,Heunggongvirae,Uroviricota,Caudoviricetes,Petitvirales,Microviridae,Gokushovirinae,Unclassified,uncultured_virus,4,vOTU_130,VIRify_high confidence,Low-quality,Genome-fragment
vOTU_138,Viruses,Duplodnaviria,Heunggongvirae,Uroviricota,Caudoviricetes,Caudovirales,Unclassified,,Unclassified,Vibrio_phage,6,vOTU_138,VIRify_low confidence,Low-quality,Genome-fragment
vOTU_148,Viruses,Duplodnaviria,Heunggongvirae,Uroviricota,Caudoviricetes,Caudovirales,Unclassified,,Unclassified,uncultured_Caudovirales,2,vOTU_148,,Not-determined,
vOTU_181,Viruses,Duplodnaviria,Heunggongvirae,Uroviricota,Caudoviricetes,Caudovirales,Unclassified,,Unclassified,uncultured_Caudovirales,1,vOTU_181,,Low-quality,Genome-fragment
vOTU_196,Viruses,Unclassified,Unclassified,Unclassified,Unclassified,Unclassified,Unclassified,,Unclassified,uncultured_Caudovirales,4,vOTU_196,VIRify_low confidence,Low-quality,Genome-fragment
vOTU_198,Viruses,Duplodnaviria,Heunggongvirae,Uroviricota,Caudoviricetes,Caudovirales,Unclassified,,Unclassified,,,vOTU_198,VIRify_low confidence,Low-quality,Genome-fragment
vOTU_212,Viruses,Duplodnaviria,Heunggongvirae,Uroviricota,Caudoviricetes,Caudovirales,Unclassified,,Unclassified,Aeromonas_phage,3,vOTU_212,VIRify_low confidence,Low-quality,Genome-fragment
vOTU_280,Viruses,Duplodnaviria,Heunggongvirae,Uroviricota,Caudoviricetes,Caudovirales,Unclassified,,Unclassified,Vibrio_phage,5,vOTU_280,VIRify_low confidence,Low-quality,Genome-fragment
vOTU_286,Viruses,Duplodnaviria,Heunggongvirae,Uroviricota,Caudoviricetes,Caudovirales,Herelleviridae,Bastillevirinae,Unclassified,Aeromonas_phage,1,vOTU_286,VIRify_low confidence,Low-quality,Genome-fragment
vOTU_292,Viruses,Duplodnaviria,Heunggongvirae,Uroviricota,Caudoviricetes,Caudovirales,Unclassified,,Unclassified,,,vOTU_292,VIRify_low confidence,Low-quality,Genome-fragment
vOTU_299,Viruses,Unclassified,Unclassified,Unclassified,Unclassified,Unclassified,Unclassified,,Unclassified,uncultured_virus,1,vOTU_299,VIRify_low confidence,Low-quality,Genome-fragment
vOTU_312,Viruses,Duplodnaviria,Heunggongvirae,Uroviricota,Caudoviricetes,Caudovirales,Unclassified,,Unclassified,Vibrio_phage,2,vOTU_312,,Low-quality,Genome-fragment
vOTU_343,Viruses,Duplodnaviria,Heunggongvirae,Uroviricota,Caudoviricetes,Caudovirales,Unclassified,,Unclassified,uncultured_virus,1,vOTU_343,VIRify_low confidence,Low-quality,Genome-fragment
vOTU_373,Viruses,Duplodnaviria,Heunggongvirae,Uroviricota,Caudoviricetes,Caudovirales,Unclassified,,Unclassified,Pelagibacter_phage,1,vOTU_373,VIRify_low confidence,Low-quality,Genome-fragment
vOTU_380,Viruses,Unclassified,Unclassified,Unclassified,Unclassified,Unclassified,Unclassified,,Unclassified,,,vOTU_380,VIRify_low confidence,Low-quality,Genome-fragment
vOTU_384,Viruses,Duplodnaviria,Heunggongvirae,Uroviricota,Caudoviricetes,Caudovirales,Unclassified,,Unclassified,uncultured_Caudovirales,6,,,Not-determined,
vOTU_410,Viruses,Unclassified,Unclassified,Unclassified,Unclassified,Unclassified,Unclassified,,Unclassified,Vibrio_phage,2,vOTU_410,,Not-determined,
vOTU_442,Viruses,Duplodnaviria,Heunggongvirae,Uroviricota,Caudoviricetes,Caudovirales,Unclassified,,Unclassified,Pelagibacter_phage,1,vOTU_442,VIRify_low confidence,Low-quality,Genome-fragment
vOTU_448,Viruses,Unclassified,Unclassified,Unclassified,Unclassified,Unclassified,Unclassified,,Unclassified,Podoviridae_sp.,1,vOTU_448,,Not-determined,
vOTU_471,Viruses,Duplodnaviria,Heunggongvirae,Uroviricota,Caudoviricetes,Caudovirales,Unclassified,,Unclassified,,,vOTU_471,VIRify_low confidence,Low-quality,Genome-fragment
vOTU_472,Viruses,Duplodnaviria,Heunggongvirae,Uroviricota,Caudoviricetes,Caudovirales,Unclassified,,Unclassified,,,vOTU_472,VIRify_low confidence,Low-quality,Genome-fragment
vOTU_481,Viruses,Unclassified,Unclassified,Unclassified,Unclassified,Unclassified,Unclassified,,Unclassified,,,vOTU_481,VIRify_low confidence,Low-quality,Genome-fragment
vOTU_484,Viruses,Duplodnaviria,Heunggongvirae,Uroviricota,Caudoviricetes,Caudovirales,Unclassified,,Unclassified,,,vOTU_484,VIRify_low confidence,Low-quality,Genome-fragment
vOTU_486,Viruses,Duplodnaviria,Heunggongvirae,Uroviricota,Caudoviricetes,Caudovirales,Unclassified,,Unclassified,Escherichia_phage,1,vOTU_486,VIRify_high confidence,Low-quality,Genome-fragment
vOTU_495,Viruses,Duplodnaviria,Heunggongvirae,Uroviricota,Caudoviricetes,Caudovirales,Unclassified,,Unclassified,,,vOTU_495,,Not-determined,
vOTU_497,Viruses,Duplodnaviria,Heunggongvirae,Uroviricota,Caudoviricetes,Caudovirales,Unclassified,,Unclassified,Vibrio_phage,2,vOTU_497,VIRify_low confidence,Low-quality,Genome-fragment
vOTU_508,Viruses,Duplodnaviria,Heunggongvirae,Uroviricota,Caudoviricetes,Caudovirales,Autographiviridae,,Unclassified,Pseudomonas_phage,2,vOTU_508,VIRify_low confidence,Low-quality,Genome-fragment
vOTU_521,Viruses,Monodnaviria,Sangervirae,Phixviricota,Malgrandaviricetes,Caudovirales,Autographiviridae,,Unclassified,Gokushovirus_WZ-2015a,3,vOTU_521,VIRify_low confidence,Complete,High-quality
vOTU_542,Viruses,Monodnaviria,Sangervirae,Phixviricota,Malgrandaviricetes,Petitvirales,Microviridae,,Unclassified,Microviridae_sp.,3,vOTU_542,VIRify_high confidence,Complete,High-quality
vOTU_551,Viruses,Duplodnaviria,Heunggongvirae,Uroviricota,Caudoviricetes,Caudovirales,Unclassified,,Unclassified,,,vOTU_551,VIRify_low confidence,Low-quality,Genome-fragment
vOTU_570,Viruses,Duplodnaviria,Heunggongvirae,Uroviricota,Caudoviricetes,Caudovirales,Unclassified,,Unclassified,Vibrio_phage,1,vOTU_570,VIRify_low confidence,Low-quality,Genome-fragment
vOTU_575,Viruses,Duplodnaviria,Heunggongvirae,Uroviricota,Caudoviricetes,Caudovirales,Podoviridae,,Unclassified,Vibrio_phage,2,vOTU_575,VIRify_low confidence,Low-quality,Genome-fragment
vOTU_585,Viruses,Unclassified,Unclassified,Unclassified,Unclassified,Unclassified,Unclassified,,Unclassified,Tenacibaculum_phage,4,vOTU_585,VIRify_low confidence,Low-quality,Genome-fragment
vOTU_619,Viruses,Duplodnaviria,Heunggongvirae,Uroviricota,Caudoviricetes,Caudovirales,Unclassified,,Unclassified,Vibrio_phage,2,vOTU_619,VIRify_low confidence,Low-quality,Genome-fragment
vOTU_621,Viruses,Duplodnaviria,Heunggongvirae,Uroviricota,Caudoviricetes,Caudovirales,Unclassified,,Unclassified,Vibrio_phage,1,vOTU_621,VIRify_low confidence,Low-quality,Genome-fragment
vOTU_636,Viruses,Unclassified,Unclassified,Unclassified,Unclassified,Caudovirales,Autographiviridae,,Unclassified,Vibrio_phage,2,vOTU_636,VIRify_low confidence,Low-quality,Genome-fragment
vOTU_660,Viruses,Monodnaviria,Sangervirae,Phixviricota,Malgrandaviricetes,Petitvirales,Microviridae,,Unclassified,Microviridae_sp.,11,vOTU_660,VIRify_high confidence,High-quality,High-quality
vOTU_667,Viruses,Duplodnaviria,Heunggongvirae,Uroviricota,Caudoviricetes,Caudovirales,Unclassified,,Unclassified,Roseobacter_phage,6,vOTU_667,VIRify_low confidence,Low-quality,Genome-fragment
vOTU_697,Viruses,Duplodnaviria,Heunggongvirae,Uroviricota,Caudoviricetes,Caudovirales,Unclassified,,Unclassified,,,vOTU_697,,Not-determined,
vOTU_790,Viruses,Duplodnaviria,Heunggongvirae,Uroviricota,Caudoviricetes,Petitvirales,Microviridae,Gokushovirinae,Unclassified,Vibrio_phage,5,vOTU_790,VIRify_high confidence,Low-quality,Genome-fragment
vOTU_814,Viruses,Monodnaviria,Sangervirae,Phixviricota,Malgrandaviricetes,Petitvirales,Microviridae,,Unclassified,Microviridae_sp.,6,vOTU_814,VIRify_low confidence,High-quality,High-quality
vOTU_817,Viruses,Duplodnaviria,Heunggongvirae,Uroviricota,Caudoviricetes,Caudovirales,Unclassified,,Unclassified,,,vOTU_817,VIRify_low confidence,Low-quality,Genome-fragment
vOTU_863,Viruses,Duplodnaviria,Heunggongvirae,Uroviricota,Caudoviricetes,Caudovirales,Unclassified,,Unclassified,Roseobacter_phage,4,vOTU_863,VIRify_high confidence,Low-quality,Genome-fragment
vOTU_865,Viruses,Monodnaviria,Sangervirae,Phixviricota,Malgrandaviricetes,Petitvirales,Microviridae,,Unclassified,,,vOTU_865,VIRify_high confidence,High-quality,High-quality
vOTU_892,Viruses,Duplodnaviria,Heunggongvirae,Uroviricota,Caudoviricetes,Caudovirales,Unclassified,,Unclassified,,,vOTU_892,,Not-determined,
vOTU_1022,Viruses,Unclassified,Unclassified,Unclassified,Unclassified,Unclassified,Unclassified,,Unclassified,Cellulophaga_phage,1,vOTU_1022,VIRify_low confidence,Low-quality,Genome-fragment
vOTU_1104,Viruses,Unclassified,Unclassified,Unclassified,Unclassified,Unclassified,Unclassified,,Unclassified,Escherichia_phage,1,vOTU_1104,VIRify_low confidence,Low-quality,Genome-fragment
vOTU_1110,Viruses,Duplodnaviria,Heunggongvirae,Uroviricota,Caudoviricetes,Caudovirales,Myoviridae,,Unclassified,,,vOTU_1110,VIRify_low confidence,Low-quality,Genome-fragment
vOTU_1122,Viruses,Duplodnaviria,Heunggongvirae,Uroviricota,Caudoviricetes,Caudovirales,Autographiviridae,,Unclassified,,,vOTU_1122,VIRify_low confidence,Low-quality,Genome-fragment
vOTU_1205,Viruses,Unclassified,Unclassified,Unclassified,Unclassified,Unclassified,Unclassified,,Unclassified,,,vOTU_1205,VIRify_low confidence,Low-quality,Genome-fragment
vOTU_1211,Viruses,Duplodnaviria,Heunggongvirae,Uroviricota,Caudoviricetes,Caudovirales,Podoviridae,,Unclassified,Vibrio_phage,4,vOTU_1211,VIRify_low confidence,Low-quality,Genome-fragment
vOTU_1224,Viruses,Monodnaviria,Sangervirae,Phixviricota,Malgrandaviricetes,Petitvirales,Microviridae,Gokushovirinae,Unclassified,Microviridae_sp.,2,vOTU_1224,VIRify_high confidence,High-quality,High-quality
vOTU_1263,Viruses,Duplodnaviria,Heunggongvirae,Uroviricota,Caudoviricetes,Caudovirales,Unclassified,,Unclassified,,,vOTU_1263,VIRify_low confidence,Low-quality,Genome-fragment
vOTU_1270,Viruses,Duplodnaviria,Heunggongvirae,Uroviricota,Caudoviricetes,Caudovirales,Unclassified,,Unclassified,uncultured_virus,3,vOTU_1270,,Not-determined,
vOTU_1391,Viruses,Duplodnaviria,Heunggongvirae,Uroviricota,Caudoviricetes,Caudovirales,Unclassified,,Unclassified,,,vOTU_1391,VIRify_low confidence,Low-quality,Genome-fragment
vOTU_1455,Viruses,Duplodnaviria,Heunggongvirae,Uroviricota,Caudoviricetes,Caudovirales,Unclassified,,Unclassified,Vibrio_phage,1,vOTU_1455,VIRify_low confidence,Low-quality,Genome-fragment
vOTU_1521,Viruses,Duplodnaviria,Heunggongvirae,Uroviricota,Caudoviricetes,Caudovirales,Autographiviridae,,Unclassified,,,vOTU_1521,VIRify_low confidence,Low-quality,Genome-fragment
vOTU_1627,Viruses,Duplodnaviria,Heunggongvirae,Uroviricota,Caudoviricetes,Caudovirales,Unclassified,,Unclassified,,,vOTU_1627,VIRify_low confidence,Low-quality,Genome-fragment
vOTU_1656,Viruses,Unclassified,Unclassified,Unclassified,Unclassified,Unclassified,Unclassified,,Unclassified,,,vOTU_1656,VIRify_low confidence,Low-quality,Genome-fragment
vOTU_1696,Viruses,Monodnaviria,Sangervirae,Phixviricota,Malgrandaviricetes,Petitvirales,Microviridae,Gokushovirinae,Unclassified,Gokushovirus_WZ-2015a,2,vOTU_1696,VIRify_high confidence,Medium-quality,Genome-fragment
vOTU_1717,Viruses,Unclassified,Unclassified,Unclassified,Unclassified,Unclassified,Unclassified,,Unclassified,,,vOTU_1717,,Not-determined,
vOTU_1732,Viruses,Unclassified,Unclassified,Unclassified,Unclassified,Unclassified,Unclassified,,Unclassified,,,vOTU_1732,,Not-determined,
vOTU_1837,Viruses,Duplodnaviria,Heunggongvirae,Uroviricota,Caudoviricetes,Caudovirales,Unclassified,,Unclassified,,,vOTU_1837,VIRify_low confidence,Low-quality,Genome-fragment
vOTU_1860,Viruses,Monodnaviria,Sangervirae,Phixviricota,Malgrandaviricetes,Petitvirales,Microviridae,,Unclassified,,,vOTU_1860,VIRify_high confidence,Medium-quality,Genome-fragment
vOTU_1867,Viruses,Duplodnaviria,Heunggongvirae,Uroviricota,Caudoviricetes,Caudovirales,Unclassified,,Unclassified,,,vOTU_1867,VIRify_low confidence,Low-quality,Genome-fragment
vOTU_1868,Viruses,Duplodnaviria,Heunggongvirae,Uroviricota,Caudoviricetes,Caudovirales,Unclassified,,Unclassified,,,vOTU_1868,VIRify_low confidence,Low-quality,Genome-fragment
vOTU_1877,Viruses,Duplodnaviria,Heunggongvirae,Uroviricota,Caudoviricetes,Caudovirales,Unclassified,,Unclassified,,,vOTU_1877,,Not-determined,
vOTU_1941,Viruses,Monodnaviria,Sangervirae,Phixviricota,Malgrandaviricetes,Petitvirales,Microviridae,,Unclassified,,,vOTU_1941,VIRify_low confidence,Medium-quality,Genome-fragment
vOTU_1945,Viruses,Duplodnaviria,Heunggongvirae,Uroviricota,Caudoviricetes,Petitvirales,Microviridae,Gokushovirinae,Unclassified,,,vOTU_1945,VIRify_high confidence,Low-quality,Genome-fragment
vOTU_1955,Viruses,Duplodnaviria,Heunggongvirae,Uroviricota,Caudoviricetes,Caudovirales,Unclassified,,Unclassified,Podoviridae_sp.,1,vOTU_1955,,Not-determined,
vOTU_2182,Viruses,Monodnaviria,Sangervirae,Phixviricota,Malgrandaviricetes,Petitvirales,Microviridae,,Unclassified,Capybara_microvirus,1,vOTU_2182,,Not-determined,
vOTU_2270,Viruses,Monodnaviria,Sangervirae,Phixviricota,Malgrandaviricetes,Petitvirales,Microviridae,,Unclassified,Capybara_microvirus,2,vOTU_2270,,Not-determined,
vOTU_2274,Viruses,Monodnaviria,Sangervirae,Phixviricota,Malgrandaviricetes,Petitvirales,Microviridae,,Unclassified,Microviridae_sp.,5,vOTU_2274,VIRify_high confidence,Medium-quality,Genome-fragment
vOTU_2496,Viruses,Monodnaviria,Sangervirae,Phixviricota,Malgrandaviricetes,Petitvirales,Microviridae,Gokushovirinae,Unclassified,Microviridae_sp.,7,vOTU_2496,VIRify_high confidence,Medium-quality,Genome-fragment
vOTU_2595,Viruses,Monodnaviria,Sangervirae,Phixviricota,Malgrandaviricetes,Petitvirales,Microviridae,,Unclassified,Gokushovirus_WZ-2015a,1,vOTU_2595,VIRify_low confidence,Medium-quality,Genome-fragment
vOTU_2619,Viruses,Monodnaviria,Sangervirae,Phixviricota,Malgrandaviricetes,Petitvirales,Microviridae,,Unclassified,Gokushovirus_WZ-2015a,1,vOTU_2619,VIRify_low confidence,Medium-quality,Genome-fragment
vOTU_2681,Viruses,Duplodnaviria,Heunggongvirae,Uroviricota,Caudoviricetes,Caudovirales,Unclassified,,Unclassified,,,vOTU_2681,VIRify_low confidence,Low-quality,Genome-fragment
vOTU_2711,Viruses,Monodnaviria,Sangervirae,Phixviricota,Malgrandaviricetes,Petitvirales,Microviridae,,Unclassified,,,vOTU_2711,VIRify_low confidence,Medium-quality,Genome-fragment
vOTU_2714,Viruses,Duplodnaviria,Heunggongvirae,Uroviricota,Caudoviricetes,Caudovirales,Autographiviridae,,Unclassified,Vibrio_phage,1,vOTU_2714,VIRify_low confidence,Low-quality,Genome-fragment
vOTU_2722,Viruses,Duplodnaviria,Heunggongvirae,Uroviricota,Caudoviricetes,Caudovirales,Unclassified,,Unclassified,Vibrio_phage,3,vOTU_2722,VIRify_low confidence,Low-quality,Genome-fragment
vOTU_2736,Viruses,Monodnaviria,Sangervirae,Phixviricota,Malgrandaviricetes,Petitvirales,Microviridae,,Unclassified,Gokushovirus_WZ-2015a,1,vOTU_2736,VIRify_low confidence,Medium-quality,Genome-fragment
vOTU_2780,Viruses,Unclassified,Unclassified,Unclassified,Unclassified,Unclassified,Unclassified,,Unclassified,,,vOTU_2780,VIRify_low confidence,Low-quality,Genome-fragment
vOTU_2785,Viruses,Duplodnaviria,Heunggongvirae,Uroviricota,Caudoviricetes,Caudovirales,Unclassified,,Unclassified,,,vOTU_2785,VIRify_low confidence,Low-quality,Genome-fragment
vOTU_2865,Viruses,Monodnaviria,Sangervirae,Phixviricota,Malgrandaviricetes,Petitvirales,Microviridae,,Unclassified,Microviridae_sp.,6,vOTU_2865,VIRify_low confidence,Medium-quality,Genome-fragment
vOTU_2869,Viruses,Duplodnaviria,Heunggongvirae,Uroviricota,Caudoviricetes,Caudovirales,Autographiviridae,,Unclassified,,,vOTU_2869,VIRify_low confidence,Low-quality,Genome-fragment
vOTU_2918,Viruses,Monodnaviria,Sangervirae,Phixviricota,Malgrandaviricetes,Petitvirales,Microviridae,,Unclassified,,,vOTU_2918,VIRify_low confidence,Medium-quality,Genome-fragment
vOTU_2937,Viruses,Monodnaviria,Sangervirae,Phixviricota,Malgrandaviricetes,Petitvirales,Microviridae,,Unclassified,,,vOTU_2937,VIRify_low confidence,Medium-quality,Genome-fragment
vOTU_2941,Viruses,Monodnaviria,Sangervirae,Phixviricota,Malgrandaviricetes,Petitvirales,Microviridae,,Unclassified,Microvirus_sp.,4,vOTU_2941,VIRify_low confidence,Medium-quality,Genome-fragment
vOTU_2945,Viruses,Monodnaviria,Sangervirae,Phixviricota,Malgrandaviricetes,Petitvirales,Microviridae,,Unclassified,Gokushovirus_WZ-2015a,1,vOTU_2945,VIRify_high confidence,Medium-quality,Genome-fragment
vOTU_2979,Viruses,Monodnaviria,Sangervirae,Phixviricota,Malgrandaviricetes,Petitvirales,Microviridae,Gokushovirinae,Unclassified,Gokushovirus_WZ-2015a,1,vOTU_2979,VIRify_high confidence,Medium-quality,Genome-fragment
vOTU_2980,Viruses,Monodnaviria,Sangervirae,Phixviricota,Malgrandaviricetes,Petitvirales,Microviridae,,Unclassified,Gokushovirus_WZ-2015a,2,vOTU_2980,VIRify_low confidence,Medium-quality,Genome-fragment
vOTU_2986,Viruses,Monodnaviria,Sangervirae,Phixviricota,Malgrandaviricetes,Petitvirales,Microviridae,Gokushovirinae,Unclassified,Microviridae_sp.,2,vOTU_2986,VIRify_high confidence,Medium-quality,Genome-fragment
vOTU_2987,Viruses,Monodnaviria,Sangervirae,Phixviricota,Malgrandaviricetes,Petitvirales,Microviridae,,Unclassified,Gokushovirus_WZ-2015a,1,vOTU_2987,VIRify_low confidence,Medium-quality,Genome-fragment
vOTU_2998,Viruses,Monodnaviria,Sangervirae,Phixviricota,Malgrandaviricetes,Petitvirales,Microviridae,,Unclassified,Gokushovirus_WZ-2015a,1,vOTU_2998,VIRify_low confidence,Medium-quality,Genome-fragment
vOTU_3016,Viruses,Monodnaviria,Sangervirae,Phixviricota,Malgrandaviricetes,Petitvirales,Microviridae,,Unclassified,,,vOTU_3016,VIRify_high confidence,Medium-quality,Genome-fragment
vOTU_3026,Viruses,Monodnaviria,Sangervirae,Phixviricota,Malgrandaviricetes,Petitvirales,Microviridae,,Unclassified,,,vOTU_3026,,Not-determined,
vOTU_3039,Viruses,Monodnaviria,Sangervirae,Phixviricota,Malgrandaviricetes,Petitvirales,Microviridae,,Unclassified,Gokushovirus_WZ-2015a,1,vOTU_3039,VIRify_low confidence,Medium-quality,Genome-fragment
vOTU_3040,Viruses,Monodnaviria,Sangervirae,Phixviricota,Malgrandaviricetes,Petitvirales,Microviridae,Gokushovirinae,Unclassified,Gokushovirus_WZ-2015a,1,vOTU_3040,VIRify_high confidence,Medium-quality,Genome-fragment
vOTU_3042,Viruses,Monodnaviria,Sangervirae,Phixviricota,Malgrandaviricetes,Petitvirales,Microviridae,,Unclassified,Gokushovirinae_environmental,1,vOTU_3042,VIRify_high confidence,Medium-quality,Genome-fragment
vOTU_3056,Viruses,Monodnaviria,Sangervirae,Phixviricota,Malgrandaviricetes,Petitvirales,Microviridae,,Unclassified,Gokushovirus_WZ-2015a,1,vOTU_3056,VIRify_low confidence,Medium-quality,Genome-fragment
vOTU_3057,Viruses,Monodnaviria,Sangervirae,Phixviricota,Malgrandaviricetes,Petitvirales,Microviridae,Gokushovirinae,Unclassified,Microviridae_sp.,2,vOTU_3057,VIRify_high confidence,Medium-quality,Genome-fragment
vOTU_3063,Viruses,Duplodnaviria,Heunggongvirae,Uroviricota,Caudoviricetes,Caudovirales,Unclassified,,Unclassified,,,vOTU_3063,,Not-determined,
vOTU_3064,Viruses,Duplodnaviria,Heunggongvirae,Uroviricota,Caudoviricetes,Caudovirales,Unclassified,,Unclassified,Vibrio_phage,2,vOTU_3064,VIRify_low confidence,Low-quality,Genome-fragment
vOTU_3201,Viruses,Unclassified,Unclassified,Unclassified,Unclassified,Unclassified,Unclassified,,Unclassified,,,vOTU_3201,VIRify_low confidence,Low-quality,Genome-fragment
vOTU_3263,Viruses,Monodnaviria,Sangervirae,Phixviricota,Malgrandaviricetes,Petitvirales,Microviridae,,Unclassified,,,vOTU_3263,VIRify_low confidence,Medium-quality,Genome-fragment
vOTU_3310,Viruses,Duplodnaviria,Heunggongvirae,Uroviricota,Caudoviricetes,Caudovirales,Unclassified,,Unclassified,,,vOTU_3310,VIRify_low confidence,Low-quality,Genome-fragment
vOTU_3320,Viruses,Monodnaviria,Sangervirae,Phixviricota,Malgrandaviricetes,Petitvirales,Microviridae,,Unclassified,Gokushovirus_WZ-2015a,1,vOTU_3320,VIRify_low confidence,Medium-quality,Genome-fragment
vOTU_3340,Viruses,Monodnaviria,Sangervirae,Phixviricota,Malgrandaviricetes,Petitvirales,Microviridae,,Unclassified,,,vOTU_3340,VIRify_high confidence,Medium-quality,Genome-fragment
vOTU_3341,Viruses,Monodnaviria,Sangervirae,Phixviricota,Malgrandaviricetes,Petitvirales,Microviridae,Gokushovirinae,Unclassified,,,vOTU_3341,VIRify_high confidence,Medium-quality,Genome-fragment
vOTU_3348,Viruses,Monodnaviria,Sangervirae,Phixviricota,Malgrandaviricetes,Petitvirales,Microviridae,Gokushovirinae,Unclassified,,,vOTU_3348,VIRify_high confidence,Medium-quality,Genome-fragment
vOTU_3414,Viruses,Monodnaviria,Sangervirae,Phixviricota,Malgrandaviricetes,Petitvirales,Microviridae,Gokushovirinae,Unclassified,Microviridae_sp.,4,vOTU_3414,VIRify_high confidence,Medium-quality,Genome-fragment
vOTU_3424,Viruses,Monodnaviria,Sangervirae,Phixviricota,Malgrandaviricetes,Petitvirales,Microviridae,Gokushovirinae,Unclassified,,,vOTU_3424,VIRify_high confidence,Medium-quality,Genome-fragment
vOTU_3472,Viruses,Monodnaviria,Sangervirae,Phixviricota,Malgrandaviricetes,Petitvirales,Microviridae,,Unclassified,,,vOTU_3472,,Not-determined,
vOTU_3492,Viruses,Monodnaviria,Sangervirae,Phixviricota,Malgrandaviricetes,Petitvirales,Microviridae,Gokushovirinae,Unclassified,,,vOTU_3492,VIRify_high confidence,Medium-quality,Genome-fragment
vOTU_3503,Viruses,Monodnaviria,Sangervirae,Phixviricota,Malgrandaviricetes,Petitvirales,Microviridae,,Unclassified,,,vOTU_3503,VIRify_high confidence,Medium-quality,Genome-fragment
vOTU_3515,Viruses,Monodnaviria,Sangervirae,Phixviricota,Malgrandaviricetes,Petitvirales,Microviridae,,Unclassified,Microviridae_sp.,3,vOTU_3515,,Not-determined,
vOTU_3546,Viruses,Monodnaviria,Sangervirae,Phixviricota,Malgrandaviricetes,Petitvirales,Microviridae,,Unclassified,,,vOTU_3546,VIRify_high confidence,Medium-quality,Genome-fragment
vOTU_3547,Viruses,Monodnaviria,Sangervirae,Phixviricota,Malgrandaviricetes,Petitvirales,Microviridae,Gokushovirinae,Unclassified,,,vOTU_3547,VIRify_high confidence,Medium-quality,Genome-fragment
vOTU_3558,Viruses,Duplodnaviria,Heunggongvirae,Uroviricota,Caudoviricetes,Caudovirales,Unclassified,,Unclassified,,,vOTU_3558,VIRify_low confidence,Medium-quality,Genome-fragment
vOTU_3565,Viruses,Monodnaviria,Sangervirae,Phixviricota,Malgrandaviricetes,Petitvirales,Microviridae,,Unclassified,,,vOTU_3565,VIRify_high confidence,Medium-quality,Genome-fragment
vOTU_3581,Viruses,Monodnaviria,Sangervirae,Phixviricota,Malgrandaviricetes,Petitvirales,Microviridae,Gokushovirinae,Unclassified,Gokushovirus_WZ-2015a,1,vOTU_3581,VIRify_high confidence,Medium-quality,Genome-fragment
vOTU_3598,Viruses,Monodnaviria,Sangervirae,Phixviricota,Malgrandaviricetes,Petitvirales,Microviridae,Gokushovirinae,Unclassified,,,vOTU_3598,VIRify_high confidence,Medium-quality,Genome-fragment
vOTU_3600,Viruses,Monodnaviria,Sangervirae,Phixviricota,Malgrandaviricetes,Petitvirales,Microviridae,,Unclassified,,,vOTU_3600,VIRify_high confidence,Medium-quality,Genome-fragment
vOTU_3619,Viruses,Duplodnaviria,Heunggongvirae,Uroviricota,Caudoviricetes,Caudovirales,Unclassified,,Unclassified,,,vOTU_3619,VIRify_low confidence,Low-quality,Genome-fragment
vOTU_3623,Viruses,Monodnaviria,Sangervirae,Phixviricota,Malgrandaviricetes,Petitvirales,Microviridae,,Unclassified,Microviridae_sp.,6,vOTU_3623,VIRify_high confidence,Medium-quality,Genome-fragment
vOTU_3671,Viruses,Monodnaviria,Sangervirae,Phixviricota,Malgrandaviricetes,Petitvirales,Microviridae,,Unclassified,Microviridae_sp.,5,vOTU_3671,VIRify_high confidence,Medium-quality,Genome-fragment
vOTU_3675,Viruses,Monodnaviria,Sangervirae,Phixviricota,Malgrandaviricetes,Petitvirales,Microviridae,Gokushovirinae,Unclassified,,,vOTU_3675,VIRify_high confidence,Medium-quality,Genome-fragment
vOTU_3710,Viruses,Monodnaviria,Sangervirae,Phixviricota,Malgrandaviricetes,Petitvirales,Microviridae,,Unclassified,,,vOTU_3710,VIRify_high confidence,Medium-quality,Genome-fragment
vOTU_3714,Viruses,Duplodnaviria,Heunggongvirae,Uroviricota,Caudoviricetes,Caudovirales,Unclassified,,Unclassified,Pseudoalteromonas_phage,2,vOTU_3714,VIRify_low confidence,Low-quality,Genome-fragment
vOTU_3727,Viruses,Duplodnaviria,Heunggongvirae,Uroviricota,Caudoviricetes,Caudovirales,Podoviridae,,Unclassified,,,vOTU_3727,VIRify_low confidence,Low-quality,Genome-fragment
vOTU_3755,Viruses,Monodnaviria,Sangervirae,Phixviricota,Malgrandaviricetes,Petitvirales,Microviridae,,Unclassified,,,vOTU_3755,VIRify_high confidence,Medium-quality,Genome-fragment
vOTU_3780,Viruses,Monodnaviria,Sangervirae,Phixviricota,Malgrandaviricetes,Petitvirales,Microviridae,,Unclassified,,,vOTU_3780,,Not-determined,
vOTU_3798,Viruses,Monodnaviria,Shotokuvirae,Unclassified,Unclassified,Unclassified,Unclassified,,Unclassified,Adeno-associated_virus,1,vOTU_3798,VIRify_low confidence,Medium-quality,Genome-fragment
vOTU_3810,Viruses,Monodnaviria,Sangervirae,Phixviricota,Malgrandaviricetes,Petitvirales,Microviridae,Gokushovirinae,Unclassified,,,vOTU_3810,VIRify_high confidence,Medium-quality,Genome-fragment
vOTU_3815,Viruses,Monodnaviria,Sangervirae,Phixviricota,Malgrandaviricetes,Petitvirales,Microviridae,Gokushovirinae,Unclassified,,,vOTU_3815,VIRify_high confidence,Medium-quality,Genome-fragment
vOTU_3875,Viruses,Unclassified,Unclassified,Unclassified,Unclassified,Unclassified,Unclassified,,Unclassified,Circoviridae_sp.,2,vOTU_3875,VIRify_low confidence,High-quality,High-quality
vOTU_3920,Viruses,Duplodnaviria,Heunggongvirae,Uroviricota,Caudoviricetes,Caudovirales,Unclassified,,Unclassified,,,vOTU_3920,,Not-determined,
vOTU_3977,Viruses,Duplodnaviria,Heunggongvirae,Uroviricota,Caudoviricetes,Caudovirales,Unclassified,,Unclassified,,,vOTU_3977,VIRify_low confidence,Low-quality,Genome-fragment
vOTU_3983,Viruses,Duplodnaviria,Heunggongvirae,Uroviricota,Caudoviricetes,Caudovirales,Autographiviridae,,Unclassified,,,vOTU_3983,VIRify_low confidence,Low-quality,Genome-fragment
vOTU_4029,Viruses,Monodnaviria,Sangervirae,Phixviricota,Malgrandaviricetes,Petitvirales,Microviridae,,Unclassified,,,vOTU_4029,VIRify_high confidence,Medium-quality,Genome-fragment
vOTU_4060,Viruses,Monodnaviria,Sangervirae,Phixviricota,Malgrandaviricetes,Petitvirales,Microviridae,,Unclassified,Microviridae_sp.,3,vOTU_4060,,Not-determined,
vOTU_4064,Viruses,Monodnaviria,Shotokuvirae,Unclassified,Unclassified,Unclassified,Unclassified,,Unclassified,,,vOTU_4064,,Medium-quality,Genome-fragment
vOTU_4121,Viruses,Duplodnaviria,Heunggongvirae,Uroviricota,Caudoviricetes,Caudovirales,Unclassified,,Unclassified,,,vOTU_4121,VIRify_low confidence,Medium-quality,Genome-fragment
vOTU_4136,Viruses,Monodnaviria,Sangervirae,Phixviricota,Malgrandaviricetes,Petitvirales,Microviridae,,Unclassified,,,vOTU_4136,VIRify_high confidence,Medium-quality,Genome-fragment
vOTU_4187,Viruses,Monodnaviria,Sangervirae,Phixviricota,Malgrandaviricetes,Petitvirales,Microviridae,,Unclassified,Microviridae_sp.,4,vOTU_4187,VIRify_high confidence,Not-determined,
vOTU_4263,Viruses,Monodnaviria,Sangervirae,Phixviricota,Malgrandaviricetes,Petitvirales,Microviridae,,Unclassified,Vibrio_phage,2,vOTU_4263,VIRify_low confidence,Medium-quality,Genome-fragment
vOTU_4348,Viruses,Monodnaviria,Sangervirae,Phixviricota,Malgrandaviricetes,Petitvirales,Microviridae,Gokushovirinae,Unclassified,,,vOTU_4348,VIRify_high confidence,Medium-quality,Genome-fragment
vOTU_4367,Viruses,Duplodnaviria,Heunggongvirae,Uroviricota,Caudoviricetes,Caudovirales,Myoviridae,,Unclassified,,,vOTU_4367,VIRify_low confidence,Low-quality,Genome-fragment
vOTU_4435,Viruses,Monodnaviria,Sangervirae,Phixviricota,Malgrandaviricetes,Petitvirales,Microviridae,,Unclassified,Gokushovirus_WZ-2015a,1,vOTU_4435,VIRify_low confidence,Medium-quality,Genome-fragment
vOTU_4548,Viruses,Duplodnaviria,Heunggongvirae,Uroviricota,Caudoviricetes,Caudovirales,Unclassified,,Unclassified,,,vOTU_4548,VIRify_low confidence,Not-determined,Genome-fragment
vOTU_4633,Viruses,Duplodnaviria,Heunggongvirae,Uroviricota,Caudoviricetes,Caudovirales,Myoviridae,,Unclassified,,,vOTU_4633,VIRify_low confidence,Low-quality,Genome-fragment
vOTU_4737,Viruses,Monodnaviria,Shotokuvirae,Unclassified,Unclassified,Unclassified,Unclassified,,Unclassified,Adeno-associated_virus,1,vOTU_4737,VIRify_low confidence,Medium-quality,Genome-fragment
vOTU_4845,Viruses,Monodnaviria,Sangervirae,Phixviricota,Malgrandaviricetes,Petitvirales,Microviridae,,Unclassified,,,vOTU_4845,VIRify_high confidence,Medium-quality,Genome-fragment
vOTU_4852,Viruses,Monodnaviria,Sangervirae,Phixviricota,Malgrandaviricetes,Petitvirales,Microviridae,,Unclassified,Gokushovirus_WZ-2015a,1,vOTU_4852,VIRify_high confidence,Medium-quality,Genome-fragment
vOTU_4927,Viruses,Monodnaviria,Sangervirae,Phixviricota,Malgrandaviricetes,Petitvirales,Microviridae,,Unclassified,,,vOTU_4927,VIRify_high confidence,Medium-quality,Genome-fragment
vOTU_4987,Viruses,Unclassified,Unclassified,Unclassified,Unclassified,Unclassified,Unclassified,,Unclassified,,,vOTU_4987,VIRify_low confidence,Low-quality,Genome-fragment
vOTU_5074,Viruses,Duplodnaviria,Heunggongvirae,Uroviricota,Caudoviricetes,Caudovirales,Unclassified,,Unclassified,Vibrio_phage,2,vOTU_5074,VIRify_low confidence,Low-quality,Genome-fragment
vOTU_5132,Viruses,Monodnaviria,Sangervirae,Phixviricota,Malgrandaviricetes,Petitvirales,Microviridae,,Unclassified,,,vOTU_5132,VIRify_low confidence,Medium-quality,Genome-fragment
vOTU_5144,Viruses,Duplodnaviria,Heunggongvirae,Uroviricota,Caudoviricetes,Caudovirales,Myoviridae,,Unclassified,Vibrio_phage,1,vOTU_5144,,Not-determined,
vOTU_5175,Viruses,Monodnaviria,Sangervirae,Phixviricota,Malgrandaviricetes,Petitvirales,Microviridae,,Unclassified,,,vOTU_5175,VIRify_low confidence,Medium-quality,Genome-fragment
vOTU_5284,Viruses,Monodnaviria,Sangervirae,Phixviricota,Malgrandaviricetes,Petitvirales,Microviridae,,Unclassified,,,vOTU_5284,VIRify_high confidence,Medium-quality,Genome-fragment
vOTU_5356,Viruses,Duplodnaviria,Heunggongvirae,Uroviricota,Caudoviricetes,Caudovirales,Unclassified,,Unclassified,uncultured_Caudovirales,1,vOTU_5356,VIRify_low confidence,Low-quality,Genome-fragment
vOTU_5408,Viruses,Monodnaviria,Sangervirae,Phixviricota,Malgrandaviricetes,Petitvirales,Microviridae,,Unclassified,Gokushovirus_WZ-2015a,1,vOTU_5408,VIRify_high confidence,Medium-quality,Genome-fragment
vOTU_5421,Viruses,Duplodnaviria,Heunggongvirae,Uroviricota,Caudoviricetes,Caudovirales,Unclassified,,Unclassified,,,vOTU_5421,VIRify_low confidence,Low-quality,Genome-fragment
vOTU_5507,Viruses,Unclassified,Unclassified,Unclassified,Unclassified,Unclassified,Unclassified,,Unclassified,,,vOTU_5507,VIRify_low confidence,Low-quality,Genome-fragment
vOTU_5528,Viruses,Duplodnaviria,Heunggongvirae,Uroviricota,Caudoviricetes,Caudovirales,Unclassified,,Unclassified,Vibrio_phage,1,vOTU_5528,VIRify_low confidence,Low-quality,Genome-fragment
vOTU_5571,Viruses,Monodnaviria,Sangervirae,Phixviricota,Malgrandaviricetes,Petitvirales,Microviridae,Gokushovirinae,Unclassified,,,vOTU_5571,VIRify_high confidence,Medium-quality,Genome-fragment
vOTU_5620,Viruses,Duplodnaviria,Heunggongvirae,Uroviricota,Caudoviricetes,Caudovirales,Unclassified,,Unclassified,,,vOTU_5620,VIRify_low confidence,Low-quality,Genome-fragment
vOTU_5706,Viruses,Unclassified,Unclassified,Unclassified,Unclassified,Unclassified,Unclassified,,Unclassified,Vibrio_phage,1,vOTU_5706,VIRify_low confidence,Low-quality,Genome-fragment
vOTU_5778,Viruses,Monodnaviria,Sangervirae,Phixviricota,Malgrandaviricetes,Petitvirales,Microviridae,,Unclassified,Microviridae_sp.,4,vOTU_5778,VIRify_high confidence,Medium-quality,Genome-fragment
vOTU_5971,Viruses,Unclassified,Unclassified,Unclassified,Unclassified,Unclassified,Unclassified,,Unclassified,,,vOTU_5971,VIRify_low confidence,Low-quality,Genome-fragment
vOTU_6049,Viruses,Monodnaviria,Sangervirae,Phixviricota,Malgrandaviricetes,Petitvirales,Microviridae,,Unclassified,,,vOTU_6049,,Not-determined,
vOTU_6070,Viruses,Unclassified,Unclassified,Unclassified,Unclassified,Unclassified,Unclassified,,Unclassified,,,vOTU_6070,VIRify_low confidence,Low-quality,Genome-fragment
vOTU_6120,Viruses,Monodnaviria,Sangervirae,Phixviricota,Malgrandaviricetes,Petitvirales,Microviridae,,Unclassified,Microvirus_sp.,2,vOTU_6120,,Not-determined,
vOTU_6122,Viruses,Unclassified,Unclassified,Unclassified,Unclassified,Unclassified,Unclassified,,Unclassified,Roseobacter_phage,2,vOTU_6122,VIRify_low confidence,Low-quality,Genome-fragment
vOTU_6127,Viruses,Duplodnaviria,Heunggongvirae,Uroviricota,Caudoviricetes,Caudovirales,Unclassified,,Unclassified,,,vOTU_6127,,Not-determined,
vOTU_6131,Viruses,Duplodnaviria,Heunggongvirae,Uroviricota,Caudoviricetes,Caudovirales,Unclassified,,Unclassified,,,vOTU_6131,,Not-determined,
vOTU_6165,Viruses,Monodnaviria,Sangervirae,Phixviricota,Malgrandaviricetes,Petitvirales,Microviridae,,Unclassified,,,vOTU_6165,VIRify_high confidence,Medium-quality,Genome-fragment
vOTU_6223,Viruses,Duplodnaviria,Heunggongvirae,Uroviricota,Caudoviricetes,Caudovirales,Autographiviridae,,Unclassified,,,vOTU_6223,VIRify_low confidence,Low-quality,Genome-fragment
vOTU_6313,Viruses,Monodnaviria,Shotokuvirae,Unclassified,Unclassified,Unclassified,Unclassified,,Unclassified,,,vOTU_6313,VIRify_low confidence,Medium-quality,Genome-fragment
vOTU_6390,Viruses,Duplodnaviria,Heunggongvirae,Uroviricota,Caudoviricetes,Caudovirales,Unclassified,,Unclassified,,,vOTU_6390,VIRify_low confidence,Not-determined,Genome-fragment
vOTU_6411,Viruses,Duplodnaviria,Heunggongvirae,Uroviricota,Caudoviricetes,Caudovirales,Podoviridae,,Unclassified,,,vOTU_6411,VIRify_low confidence,Not-determined,Genome-fragment
vOTU_6496,Viruses,Monodnaviria,Sangervirae,Phixviricota,Malgrandaviricetes,Petitvirales,Microviridae,,Unclassified,Microviridae_sp.,6,vOTU_6496,VIRify_high confidence,Medium-quality,Genome-fragment
vOTU_6540,Viruses,Duplodnaviria,Heunggongvirae,Uroviricota,Caudoviricetes,Caudovirales,Unclassified,,Unclassified,,,vOTU_6540,VIRify_low confidence,Low-quality,Genome-fragment
vOTU_6592,Viruses,Duplodnaviria,Heunggongvirae,Uroviricota,Caudoviricetes,Caudovirales,Unclassified,,Unclassified,,,vOTU_6592,VIRify_low confidence,Low-quality,Genome-fragment
vOTU_6762,Viruses,Unclassified,Unclassified,Unclassified,Unclassified,Unclassified,Unclassified,,Unclassified,,,vOTU_6762,,Not-determined,
vOTU_6788,Viruses,Unclassified,Unclassified,Unclassified,Unclassified,Unclassified,Unclassified,,Unclassified,,,vOTU_6788,VIRify_low confidence,Low-quality,Genome-fragment
vOTU_6955,Viruses,Duplodnaviria,Heunggongvirae,Uroviricota,Caudoviricetes,Caudovirales,Unclassified,,Unclassified,,,vOTU_6955,VIRify_low confidence,Low-quality,Genome-fragment
vOTU_7018,Viruses,Duplodnaviria,Heunggongvirae,Uroviricota,Caudoviricetes,Caudovirales,Unclassified,,Unclassified,Vibrio_phage,1,vOTU_7018,VIRify_low confidence,Low-quality,Genome-fragment
vOTU_7050,Viruses,Monodnaviria,Sangervirae,Phixviricota,Malgrandaviricetes,Petitvirales,Microviridae,,Unclassified,Microviridae_sp.,2,vOTU_7050,VIRify_high confidence,Low-quality,Genome-fragment
vOTU_7104,Viruses,Monodnaviria,Sangervirae,Phixviricota,Malgrandaviricetes,Petitvirales,Microviridae,Gokushovirinae,Unclassified,,,vOTU_7104,VIRify_high confidence,Low-quality,Genome-fragment
vOTU_7169,Viruses,Duplodnaviria,Heunggongvirae,Uroviricota,Caudoviricetes,Caudovirales,Myoviridae,,Unclassified,,,vOTU_7169,VIRify_low confidence,Low-quality,Genome-fragment
vOTU_7212,Viruses,Monodnaviria,Sangervirae,Phixviricota,Malgrandaviricetes,Petitvirales,Microviridae,,Unclassified,Capybara_microvirus,2,vOTU_7212,,Not-determined,
vOTU_7244,Viruses,Duplodnaviria,Heunggongvirae,Uroviricota,Caudoviricetes,Caudovirales,Unclassified,,Unclassified,Vibrio_phage,1,vOTU_7244,,Not-determined,
vOTU_7257,Viruses,Duplodnaviria,Heunggongvirae,Uroviricota,Caudoviricetes,Caudovirales,Unclassified,,Unclassified,,,vOTU_7257,,Not-determined,
vOTU_7288,Viruses,Monodnaviria,Sangervirae,Phixviricota,Malgrandaviricetes,Petitvirales,Microviridae,Gokushovirinae,Unclassified,Microviridae_sp.,2,vOTU_7288,VIRify_high confidence,Low-quality,Genome-fragment
vOTU_7358,Viruses,Monodnaviria,Sangervirae,Phixviricota,Malgrandaviricetes,Petitvirales,Microviridae,,Unclassified,Gokushovirus_WZ-2015a,1,vOTU_7358,VIRify_low confidence,Low-quality,Genome-fragment
vOTU_7450,Viruses,Duplodnaviria,Heunggongvirae,Uroviricota,Caudoviricetes,Caudovirales,Unclassified,,Unclassified,,,vOTU_7450,,Not-determined,
vOTU_7519,Viruses,Unclassified,Unclassified,Unclassified,Unclassified,Unclassified,Unclassified,,Unclassified,,,vOTU_7519,VIRify_low confidence,Low-quality,Genome-fragment
vOTU_7547,Viruses,Unclassified,Unclassified,Unclassified,Unclassified,Unclassified,Unclassified,,Unclassified,,,vOTU_7547,VIRify_low confidence,Low-quality,Genome-fragment
vOTU_7587,Viruses,Unclassified,Unclassified,Unclassified,Unclassified,Unclassified,Unclassified,,Unclassified,,,vOTU_7587,VIRify_low confidence,Low-quality,Genome-fragment
vOTU_7769,Viruses,Unclassified,Unclassified,Unclassified,Unclassified,Unclassified,Unclassified,,Unclassified,,,vOTU_7769,,Not-determined,
vOTU_8002,Viruses,Duplodnaviria,Heunggongvirae,Uroviricota,Caudoviricetes,Caudovirales,Unclassified,,Unclassified,,,vOTU_8002,VIRify_low confidence,Low-quality,Genome-fragment
vOTU_8070,Viruses,Unclassified,Unclassified,Unclassified,Unclassified,Unclassified,Unclassified,,Unclassified,Circoviridae_sp.,4,vOTU_8070,VIRify_low confidence,High-quality,High-quality
vOTU_8152,Viruses,Duplodnaviria,Heunggongvirae,Uroviricota,Caudoviricetes,Caudovirales,Unclassified,,Unclassified,Circoviridae_sp.,1,vOTU_8152,VIRify_low confidence,Low-quality,Genome-fragment
vOTU_8158,Viruses,Unclassified,Unclassified,Unclassified,Unclassified,Unclassified,Unclassified,,Unclassified,,,vOTU_8158,VIRify_low confidence,High-quality,High-quality
vOTU_8181,Viruses,Unclassified,Unclassified,Unclassified,Unclassified,Unclassified,Unclassified,,Unclassified,,,vOTU_8181,VIRify_low confidence,Low-quality,Genome-fragment
vOTU_8204,Viruses,Duplodnaviria,Heunggongvirae,Uroviricota,Caudoviricetes,Caudovirales,Siphoviridae,,Inhavirus,,,vOTU_8204,VIRify_low confidence,Low-quality,Genome-fragment
vOTU_8216,Viruses,Unclassified,Unclassified,Unclassified,Unclassified,Unclassified,Unclassified,,Unclassified,,,vOTU_8216,VIRify_low confidence,Low-quality,Genome-fragment
vOTU_8277,Viruses,Unclassified,Unclassified,Unclassified,Unclassified,Unclassified,Unclassified,,Unclassified,Circoviridae_sp.,1,vOTU_8277,,Not-determined,
vOTU_8335,Viruses,Unclassified,Unclassified,Unclassified,Unclassified,Unclassified,Unclassified,,Unclassified,,,vOTU_8335,VIRify_low confidence,Low-quality,Genome-fragment
vOTU_8362,Viruses,Duplodnaviria,Heunggongvirae,Uroviricota,Caudoviricetes,Caudovirales,Unclassified,,Unclassified,,,vOTU_8362,,Not-determined,
vOTU_8383,Viruses,Duplodnaviria,Heunggongvirae,Uroviricota,Caudoviricetes,Caudovirales,Unclassified,,Unclassified,,,vOTU_8383,,Not-determined,
vOTU_8414,Viruses,Unclassified,Unclassified,Unclassified,Unclassified,Unclassified,Unclassified,,Unclassified,,,vOTU_8414,VIRify_low confidence,Low-quality,Genome-fragment
vOTU_8450,Viruses,Monodnaviria,Sangervirae,Phixviricota,Malgrandaviricetes,Petitvirales,Microviridae,Gokushovirinae,Unclassified,Microviridae_sp.,3,vOTU_8450,VIRify_high confidence,Low-quality,Genome-fragment
vOTU_8820,Viruses,Duplodnaviria,Heunggongvirae,Uroviricota,Caudoviricetes,Caudovirales,Siphoviridae,,Unclassified,uncultured_Caudovirales,2,vOTU_8820,,Not-determined,
vOTU_8979,Viruses,Duplodnaviria,Heunggongvirae,Uroviricota,Caudoviricetes,Caudovirales,Unclassified,,Unclassified,,,vOTU_8979,VIRify_low confidence,Low-quality,Genome-fragment
vOTU_8996,Viruses,Unclassified,Unclassified,Unclassified,Unclassified,Unclassified,Unclassified,,Unclassified,Dragonfly_orbiculatusvirus,1,vOTU_8996,,Not-determined,
vOTU_9040,Viruses,Unclassified,Unclassified,Unclassified,Unclassified,Unclassified,Unclassified,,Unclassified,,,vOTU_9040,VIRify_low confidence,High-quality,High-quality
vOTU_9143,Viruses,Duplodnaviria,Heunggongvirae,Uroviricota,Caudoviricetes,Caudovirales,Podoviridae,,Lightbulbvirus,,,vOTU_9143,VIRify_low confidence,Low-quality,Genome-fragment
vOTU_9145,Viruses,Monodnaviria,Sangervirae,Phixviricota,Malgrandaviricetes,Petitvirales,Microviridae,Gokushovirinae,Unclassified,Capybara_microvirus,1,vOTU_9145,VIRify_high confidence,Low-quality,Genome-fragment
vOTU_9185,Viruses,Monodnaviria,Sangervirae,Phixviricota,Malgrandaviricetes,Petitvirales,Microviridae,Gokushovirinae,Unclassified,,,vOTU_9185,VIRify_high confidence,Low-quality,Genome-fragment
vOTU_9269,Viruses,Duplodnaviria,Heunggongvirae,Uroviricota,Caudoviricetes,Caudovirales,Podoviridae,,Unclassified,,,vOTU_9269,VIRify_low confidence,Low-quality,Genome-fragment
vOTU_9390,Viruses,Monodnaviria,Sangervirae,Phixviricota,Malgrandaviricetes,Petitvirales,Microviridae,,Unclassified,,,vOTU_9390,,Not-determined,
vOTU_9427,Viruses,Duplodnaviria,Heunggongvirae,Uroviricota,Caudoviricetes,Caudovirales,Unclassified,,Unclassified,,,vOTU_9427,VIRify_low confidence,Low-quality,Genome-fragment
vOTU_9480,Viruses,Monodnaviria,Shotokuvirae,Unclassified,Unclassified,Unclassified,Unclassified,,Unclassified,CRESS_virus,4,vOTU_9480,VIRify_low confidence,Medium-quality,Genome-fragment
vOTU_9551,Viruses,Unclassified,Unclassified,Unclassified,Unclassified,Unclassified,Unclassified,,Unclassified,,,vOTU_9551,VIRify_low confidence,Medium-quality,Genome-fragment
vOTU_9642,Viruses,Unclassified,Unclassified,Unclassified,Unclassified,Unclassified,Unclassified,,Unclassified,,,vOTU_9642,VIRify_low confidence,Low-quality,Genome-fragment
vOTU_9647,Viruses,Monodnaviria,Sangervirae,Phixviricota,Malgrandaviricetes,Petitvirales,Microviridae,,Unclassified,,,vOTU_9647,VIRify_low confidence,Low-quality,Genome-fragment
vOTU_9857,Viruses,Monodnaviria,Sangervirae,Phixviricota,Malgrandaviricetes,Petitvirales,Microviridae,Gokushovirinae,Unclassified,Microviridae_sp.,4,vOTU_9857,VIRify_high confidence,Low-quality,Genome-fragment
vOTU_9973,Viruses,Duplodnaviria,Heunggongvirae,Uroviricota,Caudoviricetes,Caudovirales,Unclassified,,Unclassified,,,vOTU_9973,,Not-determined,
vOTU_10044,Viruses,Unclassified,Unclassified,Unclassified,Unclassified,Unclassified,Unclassified,,Unclassified,,,vOTU_10044,VIRify_low confidence,Medium-quality,Genome-fragment
vOTU_10115,Viruses,Monodnaviria,Sangervirae,Phixviricota,Malgrandaviricetes,Petitvirales,Microviridae,,Unclassified,,,vOTU_10115,VIRify_low confidence,Low-quality,Genome-fragment
vOTU_10143,Viruses,Monodnaviria,Sangervirae,Phixviricota,Malgrandaviricetes,Petitvirales,Microviridae,Gokushovirinae,Unclassified,Gokushovirinae_environmental,1,vOTU_10143,VIRify_high confidence,Low-quality,Genome-fragment
vOTU_10294,Viruses,Duplodnaviria,Heunggongvirae,Uroviricota,Caudoviricetes,Caudovirales,Unclassified,,Unclassified,,,vOTU_10294,VIRify_low confidence,Low-quality,Genome-fragment
vOTU_10497,Viruses,Duplodnaviria,Heunggongvirae,Uroviricota,Caudoviricetes,Caudovirales,Unclassified,,Unclassified,,,vOTU_10497,,Not-determined,
vOTU_10574,Viruses,Unclassified,Unclassified,Unclassified,Unclassified,Unclassified,Unclassified,,Unclassified,,,vOTU_10574,VIRify_low confidence,Not-determined,Genome-fragment
vOTU_10582,Viruses,Unclassified,Unclassified,Unclassified,Unclassified,Unclassified,Unclassified,,Unclassified,,,vOTU_10582,,Not-determined,
vOTU_10698,Viruses,Monodnaviria,Sangervirae,Phixviricota,Malgrandaviricetes,Petitvirales,Microviridae,,Unclassified,,,vOTU_10698,VIRify_high confidence,Low-quality,Genome-fragment
vOTU_10703,Viruses,Duplodnaviria,Heunggongvirae,Uroviricota,Caudoviricetes,Caudovirales,Unclassified,,Unclassified,,,vOTU_10703,,Not-determined,
vOTU_10895,Viruses,Duplodnaviria,Heunggongvirae,Uroviricota,Caudoviricetes,Caudovirales,Unclassified,,Unclassified,Vibrio_phage,1,vOTU_10895,VIRify_low confidence,Low-quality,Genome-fragment
vOTU_10991,Viruses,Unclassified,Unclassified,Unclassified,Unclassified,Unclassified,Unclassified,,Unclassified,,,vOTU_10991,,Not-determined,
vOTU_10995,Viruses,Unclassified,Unclassified,Unclassified,Unclassified,Unclassified,Unclassified,,Unclassified,,,vOTU_10995,VIRify_low confidence,Medium-quality,Genome-fragment
vOTU_11291,Viruses,Unclassified,Unclassified,Unclassified,Unclassified,Unclassified,Unclassified,,Unclassified,Virus_sp.,1,vOTU_11291,VIRify_low confidence,Medium-quality,Genome-fragment
vOTU_11306,Viruses,Unclassified,Unclassified,Unclassified,Unclassified,Unclassified,Unclassified,,Unclassified,,,vOTU_11306,VIRify_low confidence,Medium-quality,Genome-fragment
vOTU_11388,Viruses,Monodnaviria,Sangervirae,Phixviricota,Malgrandaviricetes,Petitvirales,Microviridae,Gokushovirinae,Unclassified,,,vOTU_11388,VIRify_high confidence,Low-quality,Genome-fragment
vOTU_11471,Viruses,Unclassified,Unclassified,Unclassified,Unclassified,Unclassified,Unclassified,,Unclassified,,,vOTU_11471,VIRify_low confidence,Medium-quality,Genome-fragment
vOTU_11500,Viruses,Duplodnaviria,Heunggongvirae,Uroviricota,Caudoviricetes,Caudovirales,Unclassified,,Unclassified,,,vOTU_11500,VIRify_low confidence,Low-quality,Genome-fragment
vOTU_11562,Viruses,Monodnaviria,Sangervirae,Phixviricota,Malgrandaviricetes,Petitvirales,Microviridae,,Unclassified,,,vOTU_11562,,Not-determined,
vOTU_11641,Viruses,Duplodnaviria,Heunggongvirae,Uroviricota,Caudoviricetes,Caudovirales,Podoviridae,,Unclassified,,,vOTU_11641,VIRify_low confidence,Low-quality,Genome-fragment
vOTU_11690,Viruses,Duplodnaviria,Heunggongvirae,Uroviricota,Caudoviricetes,Caudovirales,Siphoviridae,,Unclassified,uncultured_Caudovirales,2,vOTU_11690,,Not-determined,
vOTU_11720,Viruses,Unclassified,Unclassified,Unclassified,Unclassified,Unclassified,Unclassified,,Unclassified,,,vOTU_11720,,Not-determined,
vOTU_11841,Viruses,Unclassified,Unclassified,Unclassified,Unclassified,Unclassified,Unclassified,,Unclassified,,,vOTU_11841,VIRify_low confidence,Medium-quality,Genome-fragment
vOTU_11855,Viruses,Unclassified,Unclassified,Unclassified,Unclassified,Unclassified,Unclassified,,Unclassified,,,vOTU_11855,VIRify_low confidence,Medium-quality,Genome-fragment
vOTU_12087,Viruses,Monodnaviria,Sangervirae,Phixviricota,Malgrandaviricetes,Petitvirales,Microviridae,Gokushovirinae,Unclassified,,,vOTU_12087,VIRify_high confidence,Low-quality,Genome-fragment
vOTU_12247,Viruses,Unclassified,Unclassified,Unclassified,Unclassified,Unclassified,Unclassified,,Unclassified,,,vOTU_12247,VIRify_low confidence,Medium-quality,Genome-fragment
vOTU_12353,Viruses,Monodnaviria,Sangervirae,Phixviricota,Malgrandaviricetes,Petitvirales,Microviridae,,Unclassified,Gokushovirus_WZ-2015a,1,vOTU_12353,VIRify_low confidence,Low-quality,Genome-fragment
vOTU_12378,Viruses,Duplodnaviria,Heunggongvirae,Uroviricota,Caudoviricetes,Caudovirales,Unclassified,,Unclassified,,,vOTU_12378,,Not-determined,
vOTU_12379,Viruses,Unclassified,Unclassified,Unclassified,Unclassified,Unclassified,Unclassified,,Unclassified,,,vOTU_12379,VIRify_low confidence,Medium-quality,Genome-fragment
vOTU_12412,Viruses,Unclassified,Unclassified,Unclassified,Unclassified,Unclassified,Unclassified,,Unclassified,,,vOTU_12412,VIRify_low confidence,Low-quality,Genome-fragment
vOTU_12444,Viruses,Unclassified,Unclassified,Unclassified,Unclassified,Unclassified,Unclassified,,Unclassified,,,vOTU_12444,,Not-determined,
vOTU_12463,Viruses,Unclassified,Unclassified,Unclassified,Unclassified,Unclassified,Unclassified,,Unclassified,CRESS_virus,1,vOTU_12463,VIRify_low confidence,High-quality,High-quality
vOTU_12483,Viruses,Duplodnaviria,Heunggongvirae,Uroviricota,Caudoviricetes,Caudovirales,Myoviridae,,Unclassified,,,vOTU_12483,,Not-determined,
vOTU_12496,Viruses,Duplodnaviria,Heunggongvirae,Uroviricota,Caudoviricetes,Caudovirales,Unclassified,,Unclassified,,,vOTU_12496,,Not-determined,
vOTU_12665,Viruses,Duplodnaviria,Heunggongvirae,Uroviricota,Caudoviricetes,Caudovirales,Siphoviridae,,Inhavirus,,,vOTU_12665,,Not-determined,
vOTU_12739,Viruses,Monodnaviria,Sangervirae,Phixviricota,Malgrandaviricetes,Petitvirales,Microviridae,Gokushovirinae,Unclassified,,,vOTU_12739,VIRify_high confidence,Low-quality,Genome-fragment
vOTU_12773,Viruses,Unclassified,Unclassified,Unclassified,Unclassified,Unclassified,Unclassified,,Unclassified,,,vOTU_12773,VIRify_low confidence,Low-quality,Genome-fragment
vOTU_12816,Viruses,Unclassified,Unclassified,Unclassified,Unclassified,Unclassified,Unclassified,,Unclassified,,,vOTU_12816,VIRify_low confidence,Low-quality,Genome-fragment
vOTU_12998,Viruses,Monodnaviria,Sangervirae,Phixviricota,Malgrandaviricetes,Petitvirales,Microviridae,,Unclassified,Microviridae_sp.,2,vOTU_12998,VIRify_low confidence,Low-quality,Genome-fragment
vOTU_13020,Viruses,Monodnaviria,Sangervirae,Phixviricota,Malgrandaviricetes,Petitvirales,Microviridae,,Unclassified,,,vOTU_13020,VIRify_low confidence,Low-quality,Genome-fragment
vOTU_13025,Viruses,Duplodnaviria,Heunggongvirae,Uroviricota,Caudoviricetes,Caudovirales,Unclassified,,Unclassified,Pseudoalteromonas_phage,1,vOTU_13025,,Not-determined,
vOTU_13034,Viruses,Monodnaviria,Sangervirae,Phixviricota,Malgrandaviricetes,Petitvirales,Microviridae,,Unclassified,Microviridae_sp.,1,vOTU_13034,VIRify_low confidence,Low-quality,Genome-fragment
vOTU_13035,Viruses,Unclassified,Unclassified,Unclassified,Unclassified,Unclassified,Unclassified,,Unclassified,,,vOTU_13035,VIRify_low confidence,Low-quality,Genome-fragment
vOTU_13036,Viruses,Duplodnaviria,Heunggongvirae,Uroviricota,Caudoviricetes,Caudovirales,Unclassified,,Unclassified,Escherichia_phage,1,vOTU_13036,,Not-determined,
vOTU_13062,Viruses,Duplodnaviria,Heunggongvirae,Uroviricota,Caudoviricetes,Caudovirales,Unclassified,,Unclassified,Virus_NIOZ-UU157,1,vOTU_13062,VIRify_low confidence,Low-quality,Genome-fragment
vOTU_13123,Viruses,Monodnaviria,Sangervirae,Phixviricota,Malgrandaviricetes,Petitvirales,Microviridae,Gokushovirinae,Unclassified,Microviridae_sp.,3,vOTU_13123,VIRify_low confidence,Low-quality,Genome-fragment
vOTU_13142,Viruses,Unclassified,Unclassified,Unclassified,Unclassified,Unclassified,Unclassified,,Unclassified,,,vOTU_13142,,Not-determined,
vOTU_13211,Viruses,Duplodnaviria,Heunggongvirae,Uroviricota,Caudoviricetes,Caudovirales,Unclassified,,Unclassified,,,vOTU_13211,VIRify_low confidence,Low-quality,Genome-fragment
vOTU_13250,Viruses,Unclassified,Unclassified,Unclassified,Unclassified,Unclassified,Unclassified,,Unclassified,,,vOTU_13250,,Not-determined,
vOTU_13541,Viruses,Duplodnaviria,Heunggongvirae,Uroviricota,Caudoviricetes,Caudovirales,Unclassified,,Unclassified,Podoviridae_sp.,1,vOTU_13541,VIRify_low confidence,Low-quality,Genome-fragment
vOTU_13612,Viruses,Duplodnaviria,Heunggongvirae,Uroviricota,Caudoviricetes,Caudovirales,Unclassified,,Unclassified,,,vOTU_13612,VIRify_low confidence,Low-quality,Genome-fragment
vOTU_13613,Viruses,Monodnaviria,Sangervirae,Phixviricota,Malgrandaviricetes,Petitvirales,Microviridae,,Unclassified,,,vOTU_13613,VIRify_low confidence,Low-quality,Genome-fragment
vOTU_13784,Viruses,Unclassified,Unclassified,Unclassified,Unclassified,Unclassified,Unclassified,,Unclassified,,,vOTU_13784,VIRify_low confidence,Low-quality,Genome-fragment
vOTU_13785,Viruses,Unclassified,Unclassified,Unclassified,Unclassified,Unclassified,Unclassified,,Unclassified,,,vOTU_13785,VIRify_low confidence,Low-quality,Genome-fragment
vOTU_13801,Viruses,Unclassified,Unclassified,Unclassified,Unclassified,Unclassified,Unclassified,,Unclassified,Vibrio_phage,1,vOTU_13801,VIRify_low confidence,Not-determined,Genome-fragment
vOTU_13803,Viruses,Duplodnaviria,Heunggongvirae,Uroviricota,Caudoviricetes,Caudovirales,Unclassified,,Unclassified,,,vOTU_13803,,Not-determined,
vOTU_13906,Viruses,Unclassified,Unclassified,Unclassified,Unclassified,Unclassified,Unclassified,,Unclassified,,,vOTU_13906,VIRify_low confidence,Low-quality,Genome-fragment
vOTU_14085,Viruses,Duplodnaviria,Heunggongvirae,Uroviricota,Caudoviricetes,Caudovirales,Myoviridae,,Unclassified,,,vOTU_14085,VIRify_low confidence,Low-quality,Genome-fragment
vOTU_14112,Viruses,Monodnaviria,Shotokuvirae,Unclassified,Unclassified,Unclassified,Unclassified,,Unclassified,Genomoviridae_sp.,3,vOTU_14112,VIRify_low confidence,Low-quality,Genome-fragment
vOTU_14133,Viruses,Unclassified,Unclassified,Unclassified,Unclassified,Unclassified,Unclassified,,Unclassified,Vibrio_phage,1,vOTU_14133,,Not-determined,
vOTU_14142,Viruses,Duplodnaviria,Heunggongvirae,Uroviricota,Caudoviricetes,Caudovirales,Siphoviridae,,Inhavirus,uncultured_Caudovirales,1,vOTU_14142,,Not-determined,
vOTU_14238,Viruses,Unclassified,Unclassified,Unclassified,Unclassified,Unclassified,Unclassified,,Unclassified,,,vOTU_14238,VIRify_low confidence,Medium-quality,Genome-fragment
vOTU_14247,Viruses,Monodnaviria,Shotokuvirae,Unclassified,Unclassified,Unclassified,Unclassified,,Unclassified,Adeno-associated_virus,1,vOTU_14247,VIRify_low confidence,Low-quality,Genome-fragment
vOTU_14268,Viruses,Unclassified,Unclassified,Unclassified,Unclassified,Unclassified,Unclassified,,Unclassified,Circoviridae_sp.,2,vOTU_14268,,Not-determined,
vOTU_14274,Viruses,Unclassified,Unclassified,Unclassified,Unclassified,Unclassified,Unclassified,,Unclassified,,,vOTU_14274,VIRify_low confidence,Medium-quality,Genome-fragment
vOTU_14354,Viruses,Duplodnaviria,Heunggongvirae,Uroviricota,Caudoviricetes,Caudovirales,Unclassified,,Unclassified,,,vOTU_14354,,Not-determined,
vOTU_14370,Viruses,Unclassified,Unclassified,Unclassified,Unclassified,Unclassified,Unclassified,,Unclassified,CRESS_virus,2,vOTU_14370,VIRify_low confidence,Medium-quality,Genome-fragment
vOTU_14371,Viruses,Unclassified,Unclassified,Unclassified,Unclassified,Unclassified,Unclassified,,Unclassified,CRESS_virus,2,vOTU_14371,VIRify_low confidence,Medium-quality,Genome-fragment
vOTU_14376,Viruses,Unclassified,Unclassified,Unclassified,Unclassified,Unclassified,Unclassified,,Unclassified,CRESS_virus,3,vOTU_14376,VIRify_low confidence,Medium-quality,Genome-fragment
vOTU_14377,Viruses,Unclassified,Unclassified,Unclassified,Unclassified,Unclassified,Unclassified,,Unclassified,CRESS_virus,3,vOTU_14377,VIRify_low confidence,Medium-quality,Genome-fragment
vOTU_14379,Viruses,Unclassified,Unclassified,Unclassified,Unclassified,Unclassified,Unclassified,,Unclassified,,,vOTU_14379,VIRify_low confidence,Medium-quality,Genome-fragment